{"sessionId": "1c5371", "hypothesisId": "H1", "location": "controlled_client.py:_wait_graph_rpc", "message": "rpc_done", "data": {"cancelled": false, "exc": "ChannelInvalidError", "cancel_set": false}, "timestamp": 1787305812250}
{"sessionId": "1c5371", "hypothesisId": "H2", "location": "request_lock.py:_await_cancelled", "message": "await_pulse_start", "data": {"task_done": false, "task_cancelled": false}, "timestamp": 1787305812250}
{"sessionId": "1c5371", "hypothesisId": "H2", "location": "request_lock.py:_await_cancelled", "message": "await_pulse_end", "data": {"task_done": true}, "timestamp": 1787305812250}
{"sessionId": "1c5371", "hypothesisId": "H2", "location": "request_lock.py:_await_cancelled", "message": "await_pulse_start", "data": {"task_done": true, "task_cancelled": true}, "timestamp": 1787305812251}
{"sessionId": "1c5371", "hypothesisId": "H2", "location": "request_lock.py:_await_cancelled", "message": "await_pulse_end", "data": {"task_done": true}, "timestamp": 1787305812252}
{"sessionId": "1c5371", "hypothesisId": "H2", "location": "request_lock.py:_await_cancelled", "message": "await_pulse_start", "data": {"task_done": true, "task_cancelled": true}, "timestamp": 1787305812252}
{"sessionId": "1c5371", "hypothesisId": "H2", "location": "request_lock.py:_await_cancelled", "message": "await_pulse_end", "data": {"task_done": true}, "timestamp": 1787305812252}
{"sessionId": "1c5371", "hypothesisId": "H2", "location": "request_lock.py:_await_cancelled", "message": "await_pulse_start", "data": {"task_done": true, "task_cancelled": true}, "timestamp": 1787305812252}
{"sessionId": "1c5371", "hypothesisId": "H2", "location": "request_lock.py:_await_cancelled", "message": "await_pulse_end", "data": {"task_done": true}, "timestamp": 1787305812253}
{"sessionId": "1c5371", "hypothesisId": "H3", "location": "error_mapping.py:_map_telethon_error", "message": "mapped_inaccessible", "data": {"exc": "ChannelInvalidError"}, "timestamp": 1787305812253, "runId": "post-fix"}
{"sessionId": "1c5371", "hypothesisId": "H4", "location": "graph_timeout.py:skip_remaining_graph_stages", "message": "node_skipped", "data": {"key": "peer:1115081104", "timeout_total": 0, "run_id": 33}, "timestamp": 1787305812253}
{"sessionId": "1c5371", "hypothesisId": "H1", "location": "controlled_client.py:_wait_graph_rpc", "message": "rpc_done", "data": {"cancelled": false, "exc": null, "cancel_set": false}, "timestamp": 1787305818254}
{"sessionId": "1c5371", "hypothesisId": "H2", "location": "request_lock.py:_await_cancelled", "message": "await_pulse_start", "data": {"task_done": false, "task_cancelled": false}, "timestamp": 1787305818262}
{"sessionId": "1c5371", "hypothesisId": "H2", "location": "request_lock.py:_await_cancelled", "message": "await_pulse_end", "data": {"task_done": true}, "timestamp": 1787305818262}
{"sessionId": "1c5371", "hypothesisId": "H2", "location": "request_lock.py:_await_cancelled", "message": "await_pulse_start", "data": {"task_done": true, "task_cancelled": true}, "timestamp": 1787305818264}
{"sessionId": "1c5371", "hypothesisId": "H2", "location": "request_lock.py:_await_cancelled", "message": "await_pulse_end", "data": {"task_done": true}, "timestamp": 1787305818265}
{"sessionId": "1c5371", "hypothesisId": "H2", "location": "request_lock.py:_await_cancelled", "message": "await_pulse_start", "data": {"task_done": true, "task_cancelled": true}, "timestamp": 1787305818265}
{"sessionId": "1c5371", "hypothesisId": "H2", "location": "request_lock.py:_await_cancelled", "message": "await_pulse_end", "data": {"task_done": true}, "timestamp": 1787305818266}
{"sessionId": "1c5371", "hypothesisId": "H2", "location": "request_lock.py:_await_cancelled", "message": "await_pulse_start", "data": {"task_done": true, "task_cancelled": true}, "timestamp": 1787305818266}
{"sessionId": "1c5371", "hypothesisId": "H2", "location": "request_lock.py:_await_cancelled", "message": "await_pulse_end", "data": {"task_done": true}, "timestamp": 1787305818266}
{"sessionId": "1c5371", "hypothesisId": "H1", "location": "controlled_client.py:_wait_graph_rpc", "message": "rpc_done", "data": {"cancelled": false, "exc": null, "cancel_set": false}, "timestamp": 1787305824335}
{"sessionId": "1c5371", "hypothesisId": "H2", "location": "request_lock.py:_await_cancelled", "message": "await_pulse_start", "data": {"task_done": false, "task_cancelled": false}, "timestamp": 1787305824337}
{"sessionId": "1c5371", "hypothesisId": "H2", "location": "request_lock.py:_await_cancelled", "message": "await_pulse_end", "data": {"task_done": true}, "timestamp": 1787305824337}
{"sessionId": "1c5371", "hypothesisId": "H2", "location": "request_lock.py:_await_cancelled", "message": "await_pulse_start", "data": {"task_done": true, "task_cancelled": true}, "timestamp": 1787305824339}
{"sessionId": "1c5371", "hypothesisId": "H2", "location": "request_lock.py:_await_cancelled", "message": "await_pulse_end", "data": {"task_done": true}, "timestamp": 1787305824339}
{"sessionId": "1c5371", "hypothesisId": "H2", "location": "request_lock.py:_await_cancelled", "message": "await_pulse_start", "data": {"task_done": true, "task_cancelled": true}, "timestamp": 1787305824340}
{"sessionId": "1c5371", "hypothesisId": "H2", "location": "request_lock.py:_await_cancelled", "message": "await_pulse_end", "data": {"task_done": true}, "timestamp": 1787305824340}
{"sessionId": "1c5371", "hypothesisId": "H2", "location": "request_lock.py:_await_cancelled", "message": "await_pulse_start", "data": {"task_done": true, "task_cancelled": true}, "timestamp": 1787305824343}
{"sessionId": "1c5371", "hypothesisId": "H2", "location": "request_lock.py:_await_cancelled", "message": "await_pulse_end", "data": {"task_done": true}, "timestamp": 1787305824344}
{"sessionId": "1c5371", "hypothesisId": "H1", "location": "controlled_client.py:_wait_graph_rpc", "message": "rpc_done", "data": {"cancelled": false, "exc": null, "cancel_set": false}, "timestamp": 1787305830685}
{"sessionId": "1c5371", "hypothesisId": "H2", "location": "request_lock.py:_await_cancelled", "message": "await_pulse_start", "data": {"task_done": false, "task_cancelled": false}, "timestamp": 1787305830686}
{"sessionId": "1c5371", "hypothesisId": "H2", "location": "request_lock.py:_await_cancelled", "message": "await_pulse_end", "data": {"task_done": true}, "timestamp": 1787305830687}
{"sessionId": "1c5371", "hypothesisId": "H2", "location": "request_lock.py:_await_cancelled", "message": "await_pulse_start", "data": {"task_done": true, "task_cancelled": true}, "timestamp": 1787305830688}
{"sessionId": "1c5371", "hypothesisId": "H2", "location": "request_lock.py:_await_cancelled", "message": "await_pulse_end", "data": {"task_done": true}, "timestamp": 1787305830688}
{"sessionId": "1c5371", "hypothesisId": "H2", "location": "request_lock.py:_await_cancelled", "message": "await_pulse_start", "data": {"task_done": true, "task_cancelled": true}, "timestamp": 1787305830688}
{"sessionId": "1c5371", "hypothesisId": "H2", "location": "request_lock.py:_await_cancelled", "message": "await_pulse_end", "data": {"task_done": true}, "timestamp": 1787305830689}
{"sessionId": "1c5371", "hypothesisId": "H2", "location": "request_lock.py:_await_cancelled", "message": "await_pulse_start", "data": {"task_done": true, "task_cancelled": true}, "timestamp": 1787305830689}
{"sessionId": "1c5371", "hypothesisId": "H2", "location": "request_lock.py:_await_cancelled", "message": "await_pulse_end", "data": {"task_done": true}, "timestamp": 1787305830689}
{"sessionId": "1c5371", "hypothesisId": "H1", "location": "controlled_client.py:_wait_graph_rpc", "message": "rpc_done", "data": {"cancelled": false, "exc": null, "cancel_set": false}, "timestamp": 1787305836327}
{"sessionId": "1c5371", "hypothesisId": "H2", "location": "request_lock.py:_await_cancelled", "message": "await_pulse_start", "data": {"task_done": false, "task_cancelled": false}, "timestamp": 1787305836328}
{"sessionId": "1c5371", "hypothesisId": "H2", "location": "request_lock.py:_await_cancelled", "message": "await_pulse_end", "data": {"task_done": true}, "timestamp": 1787305836328}
{"sessionId": "1c5371", "hypothesisId": "H2", "location": "request_lock.py:_await_cancelled", "message": "await_pulse_start", "data": {"task_done": true, "task_cancelled": true}, "timestamp": 1787305836329}
{"sessionId": "1c5371", "hypothesisId": "H2", "location": "request_lock.py:_await_cancelled", "message": "await_pulse_end", "data": {"task_done": true}, "timestamp": 1787305836329}
{"sessionId": "1c5371", "hypothesisId": "H2", "location": "request_lock.py:_await_cancelled", "message": "await_pulse_start", "data": {"task_done": true, "task_cancelled": true}, "timestamp": 1787305836329}
{"sessionId": "1c5371", "hypothesisId": "H2", "location": "request_lock.py:_await_cancelled", "message": "await_pulse_end", "data": {"task_done": true}, "timestamp": 1787305836330}
{"sessionId": "1c5371", "hypothesisId": "H2", "location": "request_lock.py:_await_cancelled", "message": "await_pulse_start", "data": {"task_done": true, "task_cancelled": true}, "timestamp": 1787305836330}
{"sessionId": "1c5371", "hypothesisId": "H2", "location": "request_lock.py:_await_cancelled", "message": "await_pulse_end", "data": {"task_done": true}, "timestamp": 1787305836330}
{"sessionId": "1c5371", "hypothesisId": "H1", "location": "controlled_client.py:_wait_graph_rpc", "message": "rpc_done", "data": {"cancelled": false, "exc": null, "cancel_set": false}, "timestamp": 1787305842316}
{"sessionId": "1c5371", "hypothesisId": "H2", "location": "request_lock.py:_await_cancelled", "message": "await_pulse_start", "data": {"task_done": false, "task_cancelled": false}, "timestamp": 1787305842318}
{"sessionId": "1c5371", "hypothesisId": "H2", "location": "request_lock.py:_await_cancelled", "message": "await_pulse_end", "data": {"task_done": true}, "timestamp": 1787305842319}
{"sessionId": "1c5371", "hypothesisId": "H2", "location": "request_lock.py:_await_cancelled", "message": "await_pulse_start", "data": {"task_done": true, "task_cancelled": true}, "timestamp": 1787305842319}
{"sessionId": "1c5371", "hypothesisId": "H2", "location": "request_lock.py:_await_cancelled", "message": "await_pulse_end", "data": {"task_done": true}, "timestamp": 1787305842320}
{"sessionId": "1c5371", "hypothesisId": "H2", "location": "request_lock.py:_await_cancelled", "message": "await_pulse_start", "data": {"task_done": true, "task_cancelled": true}, "timestamp": 1787305842321}
{"sessionId": "1c5371", "hypothesisId": "H2", "location": "request_lock.py:_await_cancelled", "message": "await_pulse_end", "data": {"task_done": true}, "timestamp": 1787305842324}
{"sessionId": "1c5371", "hypothesisId": "H2", "location": "request_lock.py:_await_cancelled", "message": "await_pulse_start", "data": {"task_done": true, "task_cancelled": true}, "timestamp": 1787305842325}
{"sessionId": "1c5371", "hypothesisId": "H2", "location": "request_lock.py:_await_cancelled", "message": "await_pulse_end", "data": {"task_done": true}, "timestamp": 1787305842326}
{"sessionId": "1c5371", "hypothesisId": "H1", "location": "controlled_client.py:_wait_graph_rpc", "message": "rpc_done", "data": {"cancelled": false, "exc": null, "cancel_set": false}, "timestamp": 1787305848398}
{"sessionId": "1c5371", "hypothesisId": "H2", "location": "request_lock.py:_await_cancelled", "message": "await_pulse_start", "data": {"task_done": false, "task_cancelled": false}, "timestamp": 1787305848399}
{"sessionId": "1c5371", "hypothesisId": "H2", "location": "request_lock.py:_await_cancelled", "message": "await_pulse_end", "data": {"task_done": true}, "timestamp": 1787305848400}
{"sessionId": "1c5371", "hypothesisId": "H2", "location": "request_lock.py:_await_cancelled", "message": "await_pulse_start", "data": {"task_done": true, "task_cancelled": true}, "timestamp": 1787305848401}
{"sessionId": "1c5371", "hypothesisId": "H2", "location": "request_lock.py:_await_cancelled", "message": "await_pulse_end", "data": {"task_done": true}, "timestamp": 1787305848402}
{"sessionId": "1c5371", "hypothesisId": "H2", "location": "request_lock.py:_await_cancelled", "message": "await_pulse_start", "data": {"task_done": true, "task_cancelled": true}, "timestamp": 1787305848407}
{"sessionId": "1c5371", "hypothesisId": "H2", "location": "request_lock.py:_await_cancelled", "message": "await_pulse_end", "data": {"task_done": true}, "timestamp": 1787305848409}
{"sessionId": "1c5371", "hypothesisId": "H2", "location": "request_lock.py:_await_cancelled", "message": "await_pulse_start", "data": {"task_done": true, "task_cancelled": true}, "timestamp": 1787305848410}
{"sessionId": "1c5371", "hypothesisId": "H2", "location": "request_lock.py:_await_cancelled", "message": "await_pulse_end", "data": {"task_done": true}, "timestamp": 1787305848411}
{"sessionId": "1c5371", "hypothesisId": "H1", "location": "controlled_client.py:_wait_graph_rpc", "message": "rpc_done", "data": {"cancelled": false, "exc": null, "cancel_set": false}, "timestamp": 1787305854373}
{"sessionId": "1c5371", "hypothesisId": "H2", "location": "request_lock.py:_await_cancelled", "message": "await_pulse_start", "data": {"task_done": false, "task_cancelled": false}, "timestamp": 1787305854375}
{"sessionId": "1c5371", "hypothesisId": "H2", "location": "request_lock.py:_await_cancelled", "message": "await_pulse_end", "data": {"task_done": true}, "timestamp": 1787305854376}
{"sessionId": "1c5371", "hypothesisId": "H2", "location": "request_lock.py:_await_cancelled", "message": "await_pulse_start", "data": {"task_done": true, "task_cancelled": true}, "timestamp": 1787305854377}
{"sessionId": "1c5371", "hypothesisId": "H2", "location": "request_lock.py:_await_cancelled", "message": "await_pulse_end", "data": {"task_done": true}, "timestamp": 1787305854378}
{"sessionId": "1c5371", "hypothesisId": "H2", "location": "request_lock.py:_await_cancelled", "message": "await_pulse_start", "data": {"task_done": true, "task_cancelled": true}, "timestamp": 1787305854378}
{"sessionId": "1c5371", "hypothesisId": "H2", "location": "request_lock.py:_await_cancelled", "message": "await_pulse_end", "data": {"task_done": true}, "timestamp": 1787305854380}
{"sessionId": "1c5371", "hypothesisId": "H2", "location": "request_lock.py:_await_cancelled", "message": "await_pulse_start", "data": {"task_done": true, "task_cancelled": true}, "timestamp": 1787305854381}
{"sessionId": "1c5371", "hypothesisId": "H2", "location": "request_lock.py:_await_cancelled", "message": "await_pulse_end", "data": {"task_done": true}, "timestamp": 1787305854381}
{"sessionId": "1c5371", "hypothesisId": "H1", "location": "controlled_client.py:_wait_graph_rpc", "message": "rpc_done", "data": {"cancelled": false, "exc": null, "cancel_set": false}, "timestamp": 1787305860395}
{"sessionId": "1c5371", "hypothesisId": "H2", "location": "request_lock.py:_await_cancelled", "message": "await_pulse_start", "data": {"task_done": false, "task_cancelled": false}, "timestamp": 1787305860397}
{"sessionId": "1c5371", "hypothesisId": "H2", "location": "request_lock.py:_await_cancelled", "message": "await_pulse_end", "data": {"task_done": true}, "timestamp": 1787305860398}
{"sessionId": "1c5371", "hypothesisId": "H2", "location": "request_lock.py:_await_cancelled", "message": "await_pulse_start", "data": {"task_done": true, "task_cancelled": true}, "timestamp": 1787305860399}
{"sessionId": "1c5371", "hypothesisId": "H2", "location": "request_lock.py:_await_cancelled", "message": "await_pulse_end", "data": {"task_done": true}, "timestamp": 1787305860400}
{"sessionId": "1c5371", "hypothesisId": "H2", "location": "request_lock.py:_await_cancelled", "message": "await_pulse_start", "data": {"task_done": true, "task_cancelled": true}, "timestamp": 1787305860406}
{"sessionId": "1c5371", "hypothesisId": "H2", "location": "request_lock.py:_await_cancelled", "message": "await_pulse_end", "data": {"task_done": true}, "timestamp": 1787305860408}
{"sessionId": "1c5371", "hypothesisId": "H2", "location": "request_lock.py:_await_cancelled", "message": "await_pulse_start", "data": {"task_done": true, "task_cancelled": true}, "timestamp": 1787305860411}
{"sessionId": "1c5371", "hypothesisId": "H2", "location": "request_lock.py:_await_cancelled", "message": "await_pulse_end", "data": {"task_done": true}, "timestamp": 1787305860412}
{"sessionId": "1c5371", "hypothesisId": "H1", "location": "controlled_client.py:_wait_graph_rpc", "message": "rpc_done", "data": {"cancelled": false, "exc": null, "cancel_set": false}, "timestamp": 1787305866444}
{"sessionId": "1c5371", "hypothesisId": "H2", "location": "request_lock.py:_await_cancelled", "message": "await_pulse_start", "data": {"task_done": false, "task_cancelled": false}, "timestamp": 1787305866445}
{"sessionId": "1c5371", "hypothesisId": "H2", "location": "request_lock.py:_await_cancelled", "message": "await_pulse_end", "data": {"task_done": true}, "timestamp": 1787305866446}
{"sessionId": "1c5371", "hypothesisId": "H2", "location": "request_lock.py:_await_cancelled", "message": "await_pulse_start", "data": {"task_done": true, "task_cancelled": true}, "timestamp": 1787305866447}
{"sessionId": "1c5371", "hypothesisId": "H2", "location": "request_lock.py:_await_cancelled", "message": "await_pulse_end", "data": {"task_done": true}, "timestamp": 1787305866448}
{"sessionId": "1c5371", "hypothesisId": "H2", "location": "request_lock.py:_await_cancelled", "message": "await_pulse_start", "data": {"task_done": true, "task_cancelled": true}, "timestamp": 1787305866450}
{"sessionId": "1c5371", "hypothesisId": "H2", "location": "request_lock.py:_await_cancelled", "message": "await_pulse_end", "data": {"task_done": true}, "timestamp": 1787305866452}
{"sessionId": "1c5371", "hypothesisId": "H2", "location": "request_lock.py:_await_cancelled", "message": "await_pulse_start", "data": {"task_done": true, "task_cancelled": true}, "timestamp": 1787305866453}
{"sessionId": "1c5371", "hypothesisId": "H2", "location": "request_lock.py:_await_cancelled", "message": "await_pulse_end", "data": {"task_done": true}, "timestamp": 1787305866455}
{"sessionId": "1c5371", "hypothesisId": "H1", "location": "controlled_client.py:_wait_graph_rpc", "message": "rpc_done", "data": {"cancelled": false, "exc": null, "cancel_set": false}, "timestamp": 1787305872461}
{"sessionId": "1c5371", "hypothesisId": "H2", "location": "request_lock.py:_await_cancelled", "message": "await_pulse_start", "data": {"task_done": false, "task_cancelled": false}, "timestamp": 1787305872461}
{"sessionId": "1c5371", "hypothesisId": "H2", "location": "request_lock.py:_await_cancelled", "message": "await_pulse_end", "data": {"task_done": true}, "timestamp": 1787305872463}
{"sessionId": "1c5371", "hypothesisId": "H2", "location": "request_lock.py:_await_cancelled", "message": "await_pulse_start", "data": {"task_done": true, "task_cancelled": true}, "timestamp": 1787305872464}
{"sessionId": "1c5371", "hypothesisId": "H2", "location": "request_lock.py:_await_cancelled", "message": "await_pulse_end", "data": {"task_done": true}, "timestamp": 1787305872465}
{"sessionId": "1c5371", "hypothesisId": "H2", "location": "request_lock.py:_await_cancelled", "message": "await_pulse_start", "data": {"task_done": true, "task_cancelled": true}, "timestamp": 1787305872467}
{"sessionId": "1c5371", "hypothesisId": "H2", "location": "request_lock.py:_await_cancelled", "message": "await_pulse_end", "data": {"task_done": true}, "timestamp": 1787305872469}
{"sessionId": "1c5371", "hypothesisId": "H2", "location": "request_lock.py:_await_cancelled", "message": "await_pulse_start", "data": {"task_done": true, "task_cancelled": true}, "timestamp": 1787305872470}
{"sessionId": "1c5371", "hypothesisId": "H2", "location": "request_lock.py:_await_cancelled", "message": "await_pulse_end", "data": {"task_done": true}, "timestamp": 1787305872471}
{"sessionId": "1c5371", "hypothesisId": "H1", "location": "controlled_client.py:_wait_graph_rpc", "message": "rpc_done", "data": {"cancelled": false, "exc": null, "cancel_set": false}, "timestamp": 1787305878498}
{"sessionId": "1c5371", "hypothesisId": "H2", "location": "request_lock.py:_await_cancelled", "message": "await_pulse_start", "data": {"task_done": false, "task_cancelled": false}, "timestamp": 1787305878501}
{"sessionId": "1c5371", "hypothesisId": "H2", "location": "request_lock.py:_await_cancelled", "message": "await_pulse_end", "data": {"task_done": true}, "timestamp": 1787305878503}
{"sessionId": "1c5371", "hypothesisId": "H2", "location": "request_lock.py:_await_cancelled", "message": "await_pulse_start", "data": {"task_done": true, "task_cancelled": true}, "timestamp": 1787305878505}
{"sessionId": "1c5371", "hypothesisId": "H2", "location": "request_lock.py:_await_cancelled", "message": "await_pulse_end", "data": {"task_done": true}, "timestamp": 1787305878506}
{"sessionId": "1c5371", "hypothesisId": "H2", "location": "request_lock.py:_await_cancelled", "message": "await_pulse_start", "data": {"task_done": true, "task_cancelled": true}, "timestamp": 1787305878507}
{"sessionId": "1c5371", "hypothesisId": "H2", "location": "request_lock.py:_await_cancelled", "message": "await_pulse_end", "data": {"task_done": true}, "timestamp": 1787305878508}
{"sessionId": "1c5371", "hypothesisId": "H2", "location": "request_lock.py:_await_cancelled", "message": "await_pulse_start", "data": {"task_done": true, "task_cancelled": true}, "timestamp": 1787305878508}
{"sessionId": "1c5371", "hypothesisId": "H2", "location": "request_lock.py:_await_cancelled", "message": "await_pulse_end", "data": {"task_done": true}, "timestamp": 1787305878510}
{"sessionId": "1c5371", "hypothesisId": "H1", "location": "controlled_client.py:_wait_graph_rpc", "message": "rpc_done", "data": {"cancelled": false, "exc": null, "cancel_set": false}, "timestamp": 1787305884558}
{"sessionId": "1c5371", "hypothesisId": "H2", "location": "request_lock.py:_await_cancelled", "message": "await_pulse_start", "data": {"task_done": false, "task_cancelled": false}, "timestamp": 1787305884559}
{"sessionId": "1c5371", "hypothesisId": "H2", "location": "request_lock.py:_await_cancelled", "message": "await_pulse_end", "data": {"task_done": true}, "timestamp": 1787305884560}
{"sessionId": "1c5371", "hypothesisId": "H2", "location": "request_lock.py:_await_cancelled", "message": "await_pulse_start", "data": {"task_done": true, "task_cancelled": true}, "timestamp": 1787305884561}
{"sessionId": "1c5371", "hypothesisId": "H2", "location": "request_lock.py:_await_cancelled", "message": "await_pulse_end", "data": {"task_done": true}, "timestamp": 1787305884562}
{"sessionId": "1c5371", "hypothesisId": "H2", "location": "request_lock.py:_await_cancelled", "message": "await_pulse_start", "data": {"task_done": true, "task_cancelled": true}, "timestamp": 1787305884563}
{"sessionId": "1c5371", "hypothesisId": "H2", "location": "request_lock.py:_await_cancelled", "message": "await_pulse_end", "data": {"task_done": true}, "timestamp": 1787305884564}
{"sessionId": "1c5371", "hypothesisId": "H2", "location": "request_lock.py:_await_cancelled", "message": "await_pulse_start", "data": {"task_done": true, "task_cancelled": true}, "timestamp": 1787305884568}
{"sessionId": "1c5371", "hypothesisId": "H2", "location": "request_lock.py:_await_cancelled", "message": "await_pulse_end", "data": {"task_done": true}, "timestamp": 1787305884569}
{"sessionId": "1c5371", "hypothesisId": "H1", "location": "controlled_client.py:_wait_graph_rpc", "message": "rpc_done", "data": {"cancelled": false, "exc": null, "cancel_set": false}, "timestamp": 1787305890583}
{"sessionId": "1c5371", "hypothesisId": "H2", "location": "request_lock.py:_await_cancelled", "message": "await_pulse_start", "data": {"task_done": false, "task_cancelled": false}, "timestamp": 1787305890584}
{"sessionId": "1c5371", "hypothesisId": "H2", "location": "request_lock.py:_await_cancelled", "message": "await_pulse_end", "data": {"task_done": true}, "timestamp": 1787305890585}
{"sessionId": "1c5371", "hypothesisId": "H2", "location": "request_lock.py:_await_cancelled", "message": "await_pulse_start", "data": {"task_done": true, "task_cancelled": true}, "timestamp": 1787305890586}
{"sessionId": "1c5371", "hypothesisId": "H2", "location": "request_lock.py:_await_cancelled", "message": "await_pulse_end", "data": {"task_done": true}, "timestamp": 1787305890586}
{"sessionId": "1c5371", "hypothesisId": "H2", "location": "request_lock.py:_await_cancelled", "message": "await_pulse_start", "data": {"task_done": true, "task_cancelled": true}, "timestamp": 1787305890587}
{"sessionId": "1c5371", "hypothesisId": "H2", "location": "request_lock.py:_await_cancelled", "message": "await_pulse_end", "data": {"task_done": true}, "timestamp": 1787305890588}
{"sessionId": "1c5371", "hypothesisId": "H2", "location": "request_lock.py:_await_cancelled", "message": "await_pulse_start", "data": {"task_done": true, "task_cancelled": true}, "timestamp": 1787305890589}
{"sessionId": "1c5371", "hypothesisId": "H2", "location": "request_lock.py:_await_cancelled", "message": "await_pulse_end", "data": {"task_done": true}, "timestamp": 1787305890590}
{"sessionId": "1c5371", "hypothesisId": "H1", "location": "controlled_client.py:_wait_graph_rpc", "message": "rpc_done", "data": {"cancelled": false, "exc": null, "cancel_set": false}, "timestamp": 1787305896578}
{"sessionId": "1c5371", "hypothesisId": "H2", "location": "request_lock.py:_await_cancelled", "message": "await_pulse_start", "data": {"task_done": false, "task_cancelled": false}, "timestamp": 1787305896581}
{"sessionId": "1c5371", "hypothesisId": "H2", "location": "request_lock.py:_await_cancelled", "message": "await_pulse_end", "data": {"task_done": true}, "timestamp": 1787305896582}
{"sessionId": "1c5371", "hypothesisId": "H2", "location": "request_lock.py:_await_cancelled", "message": "await_pulse_start", "data": {"task_done": true, "task_cancelled": true}, "timestamp": 1787305896582}
{"sessionId": "1c5371", "hypothesisId": "H2", "location": "request_lock.py:_await_cancelled", "message": "await_pulse_end", "data": {"task_done": true}, "timestamp": 1787305896582}
{"sessionId": "1c5371", "hypothesisId": "H2", "location": "request_lock.py:_await_cancelled", "message": "await_pulse_start", "data": {"task_done": true, "task_cancelled": true}, "timestamp": 1787305896583}
{"sessionId": "1c5371", "hypothesisId": "H2", "location": "request_lock.py:_await_cancelled", "message": "await_pulse_end", "data": {"task_done": true}, "timestamp": 1787305896583}
{"sessionId": "1c5371", "hypothesisId": "H2", "location": "request_lock.py:_await_cancelled", "message": "await_pulse_start", "data": {"task_done": true, "task_cancelled": true}, "timestamp": 1787305896583}
{"sessionId": "1c5371", "hypothesisId": "H2", "location": "request_lock.py:_await_cancelled", "message": "await_pulse_end", "data": {"task_done": true}, "timestamp": 1787305896583}
{"sessionId": "1c5371", "hypothesisId": "H1", "location": "controlled_client.py:_wait_graph_rpc", "message": "rpc_done", "data": {"cancelled": false, "exc": null, "cancel_set": false}, "timestamp": 1787305902704}
{"sessionId": "1c5371", "hypothesisId": "H2", "location": "request_lock.py:_await_cancelled", "message": "await_pulse_start", "data": {"task_done": false, "task_cancelled": false}, "timestamp": 1787305902705}
{"sessionId": "1c5371", "hypothesisId": "H2", "location": "request_lock.py:_await_cancelled", "message": "await_pulse_end", "data": {"task_done": true}, "timestamp": 1787305902706}
{"sessionId": "1c5371", "hypothesisId": "H2", "location": "request_lock.py:_await_cancelled", "message": "await_pulse_start", "data": {"task_done": true, "task_cancelled": true}, "timestamp": 1787305902708}
{"sessionId": "1c5371", "hypothesisId": "H2", "location": "request_lock.py:_await_cancelled", "message": "await_pulse_end", "data": {"task_done": true}, "timestamp": 1787305902708}
{"sessionId": "1c5371", "hypothesisId": "H2", "location": "request_lock.py:_await_cancelled", "message": "await_pulse_start", "data": {"task_done": true, "task_cancelled": true}, "timestamp": 1787305902710}
{"sessionId": "1c5371", "hypothesisId": "H2", "location": "request_lock.py:_await_cancelled", "message": "await_pulse_end", "data": {"task_done": true}, "timestamp": 1787305902711}
{"sessionId": "1c5371", "hypothesisId": "H2", "location": "request_lock.py:_await_cancelled", "message": "await_pulse_start", "data": {"task_done": true, "task_cancelled": true}, "timestamp": 1787305902714}
{"sessionId": "1c5371", "hypothesisId": "H2", "location": "request_lock.py:_await_cancelled", "message": "await_pulse_end", "data": {"task_done": true}, "timestamp": 1787305902715}
{"sessionId": "1c5371", "hypothesisId": "H1", "location": "controlled_client.py:_wait_graph_rpc", "message": "rpc_done", "data": {"cancelled": false, "exc": null, "cancel_set": false}, "timestamp": 1787305908639}
{"sessionId": "1c5371", "hypothesisId": "H2", "location": "request_lock.py:_await_cancelled", "message": "await_pulse_start", "data": {"task_done": false, "task_cancelled": false}, "timestamp": 1787305908640}
{"sessionId": "1c5371", "hypothesisId": "H2", "location": "request_lock.py:_await_cancelled", "message": "await_pulse_end", "data": {"task_done": true}, "timestamp": 1787305908641}
{"sessionId": "1c5371", "hypothesisId": "H2", "location": "request_lock.py:_await_cancelled", "message": "await_pulse_start", "data": {"task_done": true, "task_cancelled": true}, "timestamp": 1787305908641}
{"sessionId": "1c5371", "hypothesisId": "H2", "location": "request_lock.py:_await_cancelled", "message": "await_pulse_end", "data": {"task_done": true}, "timestamp": 1787305908642}
{"sessionId": "1c5371", "hypothesisId": "H2", "location": "request_lock.py:_await_cancelled", "message": "await_pulse_start", "data": {"task_done": true, "task_cancelled": true}, "timestamp": 1787305908642}
{"sessionId": "1c5371", "hypothesisId": "H2", "location": "request_lock.py:_await_cancelled", "message": "await_pulse_end", "data": {"task_done": true}, "timestamp": 1787305908643}
{"sessionId": "1c5371", "hypothesisId": "H2", "location": "request_lock.py:_await_cancelled", "message": "await_pulse_start", "data": {"task_done": true, "task_cancelled": true}, "timestamp": 1787305908644}
{"sessionId": "1c5371", "hypothesisId": "H2", "location": "request_lock.py:_await_cancelled", "message": "await_pulse_end", "data": {"task_done": true}, "timestamp": 1787305908645}
{"sessionId": "1c5371", "hypothesisId": "H1", "location": "controlled_client.py:_wait_graph_rpc", "message": "rpc_done", "data": {"cancelled": false, "exc": null, "cancel_set": false}, "timestamp": 1787305914658}
{"sessionId": "1c5371", "hypothesisId": "H2", "location": "request_lock.py:_await_cancelled", "message": "await_pulse_start", "data": {"task_done": false, "task_cancelled": false}, "timestamp": 1787305914659}
{"sessionId": "1c5371", "hypothesisId": "H2", "location": "request_lock.py:_await_cancelled", "message": "await_pulse_end", "data": {"task_done": true}, "timestamp": 1787305914662}
{"sessionId": "1c5371", "hypothesisId": "H2", "location": "request_lock.py:_await_cancelled", "message": "await_pulse_start", "data": {"task_done": true, "task_cancelled": true}, "timestamp": 1787305914663}
{"sessionId": "1c5371", "hypothesisId": "H2", "location": "request_lock.py:_await_cancelled", "message": "await_pulse_end", "data": {"task_done": true}, "timestamp": 1787305914664}
{"sessionId": "1c5371", "hypothesisId": "H2", "location": "request_lock.py:_await_cancelled", "message": "await_pulse_start", "data": {"task_done": true, "task_cancelled": true}, "timestamp": 1787305914665}
{"sessionId": "1c5371", "hypothesisId": "H2", "location": "request_lock.py:_await_cancelled", "message": "await_pulse_end", "data": {"task_done": true}, "timestamp": 1787305914667}
{"sessionId": "1c5371", "hypothesisId": "H2", "location": "request_lock.py:_await_cancelled", "message": "await_pulse_start", "data": {"task_done": true, "task_cancelled": true}, "timestamp": 1787305914668}
{"sessionId": "1c5371", "hypothesisId": "H2", "location": "request_lock.py:_await_cancelled", "message": "await_pulse_end", "data": {"task_done": true}, "timestamp": 1787305914669}
{"sessionId": "1c5371", "hypothesisId": "H1", "location": "controlled_client.py:_wait_graph_rpc", "message": "rpc_done", "data": {"cancelled": false, "exc": null, "cancel_set": false}, "timestamp": 1787305920680}
{"sessionId": "1c5371", "hypothesisId": "H2", "location": "request_lock.py:_await_cancelled", "message": "await_pulse_start", "data": {"task_done": false, "task_cancelled": false}, "timestamp": 1787305920682}
{"sessionId": "1c5371", "hypothesisId": "H2", "location": "request_lock.py:_await_cancelled", "message": "await_pulse_end", "data": {"task_done": true}, "timestamp": 1787305920683}
{"sessionId": "1c5371", "hypothesisId": "H2", "location": "request_lock.py:_await_cancelled", "message": "await_pulse_start", "data": {"task_done": true, "task_cancelled": true}, "timestamp": 1787305920685}
{"sessionId": "1c5371", "hypothesisId": "H2", "location": "request_lock.py:_await_cancelled", "message": "await_pulse_end", "data": {"task_done": true}, "timestamp": 1787305920686}
{"sessionId": "1c5371", "hypothesisId": "H2", "location": "request_lock.py:_await_cancelled", "message": "await_pulse_start", "data": {"task_done": true, "task_cancelled": true}, "timestamp": 1787305920687}
{"sessionId": "1c5371", "hypothesisId": "H2", "location": "request_lock.py:_await_cancelled", "message": "await_pulse_end", "data": {"task_done": true}, "timestamp": 1787305920688}
{"sessionId": "1c5371", "hypothesisId": "H2", "location": "request_lock.py:_await_cancelled", "message": "await_pulse_start", "data": {"task_done": true, "task_cancelled": true}, "timestamp": 1787305920689}
{"sessionId": "1c5371", "hypothesisId": "H2", "location": "request_lock.py:_await_cancelled", "message": "await_pulse_end", "data": {"task_done": true}, "timestamp": 1787305920690}
{"sessionId": "1c5371", "hypothesisId": "H1", "location": "controlled_client.py:_wait_graph_rpc", "message": "rpc_done", "data": {"cancelled": false, "exc": null, "cancel_set": false}, "timestamp": 1787305926704}
{"sessionId": "1c5371", "hypothesisId": "H2", "location": "request_lock.py:_await_cancelled", "message": "await_pulse_start", "data": {"task_done": false, "task_cancelled": false}, "timestamp": 1787305926705}
{"sessionId": "1c5371", "hypothesisId": "H2", "location": "request_lock.py:_await_cancelled", "message": "await_pulse_end", "data": {"task_done": true}, "timestamp": 1787305926706}
{"sessionId": "1c5371", "hypothesisId": "H2", "location": "request_lock.py:_await_cancelled", "message": "await_pulse_start", "data": {"task_done": true, "task_cancelled": true}, "timestamp": 1787305926708}
{"sessionId": "1c5371", "hypothesisId": "H2", "location": "request_lock.py:_await_cancelled", "message": "await_pulse_end", "data": {"task_done": true}, "timestamp": 1787305926710}
{"sessionId": "1c5371", "hypothesisId": "H2", "location": "request_lock.py:_await_cancelled", "message": "await_pulse_start", "data": {"task_done": true, "task_cancelled": true}, "timestamp": 1787305926712}
{"sessionId": "1c5371", "hypothesisId": "H2", "location": "request_lock.py:_await_cancelled", "message": "await_pulse_end", "data": {"task_done": true}, "timestamp": 1787305926713}
{"sessionId": "1c5371", "hypothesisId": "H2", "location": "request_lock.py:_await_cancelled", "message": "await_pulse_start", "data": {"task_done": true, "task_cancelled": true}, "timestamp": 1787305926714}
{"sessionId": "1c5371", "hypothesisId": "H2", "location": "request_lock.py:_await_cancelled", "message": "await_pulse_end", "data": {"task_done": true}, "timestamp": 1787305926714}
{"sessionId": "1c5371", "hypothesisId": "H1", "location": "controlled_client.py:_wait_graph_rpc", "message": "rpc_done", "data": {"cancelled": false, "exc": null, "cancel_set": false}, "timestamp": 1787305932764}
{"sessionId": "1c5371", "hypothesisId": "H2", "location": "request_lock.py:_await_cancelled", "message": "await_pulse_start", "data": {"task_done": false, "task_cancelled": false}, "timestamp": 1787305932765}
{"sessionId": "1c5371", "hypothesisId": "H2", "location": "request_lock.py:_await_cancelled", "message": "await_pulse_end", "data": {"task_done": true}, "timestamp": 1787305932766}
{"sessionId": "1c5371", "hypothesisId": "H2", "location": "request_lock.py:_await_cancelled", "message": "await_pulse_start", "data": {"task_done": true, "task_cancelled": true}, "timestamp": 1787305932767}
{"sessionId": "1c5371", "hypothesisId": "H2", "location": "request_lock.py:_await_cancelled", "message": "await_pulse_end", "data": {"task_done": true}, "timestamp": 1787305932768}
{"sessionId": "1c5371", "hypothesisId": "H2", "location": "request_lock.py:_await_cancelled", "message": "await_pulse_start", "data": {"task_done": true, "task_cancelled": true}, "timestamp": 1787305932768}
{"sessionId": "1c5371", "hypothesisId": "H2", "location": "request_lock.py:_await_cancelled", "message": "await_pulse_end", "data": {"task_done": true}, "timestamp": 1787305932769}
{"sessionId": "1c5371", "hypothesisId": "H2", "location": "request_lock.py:_await_cancelled", "message": "await_pulse_start", "data": {"task_done": true, "task_cancelled": true}, "timestamp": 1787305932769}
{"sessionId": "1c5371", "hypothesisId": "H2", "location": "request_lock.py:_await_cancelled", "message": "await_pulse_end", "data": {"task_done": true}, "timestamp": 1787305932769}
{"sessionId": "1c5371", "hypothesisId": "H1", "location": "controlled_client.py:_wait_graph_rpc", "message": "rpc_done", "data": {"cancelled": false, "exc": null, "cancel_set": false}, "timestamp": 1787305938713}
{"sessionId": "1c5371", "hypothesisId": "H2", "location": "request_lock.py:_await_cancelled", "message": "await_pulse_start", "data": {"task_done": false, "task_cancelled": false}, "timestamp": 1787305938714}
{"sessionId": "1c5371", "hypothesisId": "H2", "location": "request_lock.py:_await_cancelled", "message": "await_pulse_end", "data": {"task_done": true}, "timestamp": 1787305938715}
{"sessionId": "1c5371", "hypothesisId": "H2", "location": "request_lock.py:_await_cancelled", "message": "await_pulse_start", "data": {"task_done": true, "task_cancelled": true}, "timestamp": 1787305938716}
{"sessionId": "1c5371", "hypothesisId": "H2", "location": "request_lock.py:_await_cancelled", "message": "await_pulse_end", "data": {"task_done": true}, "timestamp": 1787305938716}
{"sessionId": "1c5371", "hypothesisId": "H2", "location": "request_lock.py:_await_cancelled", "message": "await_pulse_start", "data": {"task_done": true, "task_cancelled": true}, "timestamp": 1787305938717}
{"sessionId": "1c5371", "hypothesisId": "H2", "location": "request_lock.py:_await_cancelled", "message": "await_pulse_end", "data": {"task_done": true}, "timestamp": 1787305938719}
{"sessionId": "1c5371", "hypothesisId": "H2", "location": "request_lock.py:_await_cancelled", "message": "await_pulse_start", "data": {"task_done": true, "task_cancelled": true}, "timestamp": 1787305938719}
{"sessionId": "1c5371", "hypothesisId": "H2", "location": "request_lock.py:_await_cancelled", "message": "await_pulse_end", "data": {"task_done": true}, "timestamp": 1787305938720}
{"sessionId": "1c5371", "hypothesisId": "H1", "location": "controlled_client.py:_wait_graph_rpc", "message": "rpc_done", "data": {"cancelled": false, "exc": null, "cancel_set": false}, "timestamp": 1787305944800}
{"sessionId": "1c5371", "hypothesisId": "H2", "location": "request_lock.py:_await_cancelled", "message": "await_pulse_start", "data": {"task_done": false, "task_cancelled": false}, "timestamp": 1787305944800}
{"sessionId": "1c5371", "hypothesisId": "H2", "location": "request_lock.py:_await_cancelled", "message": "await_pulse_end", "data": {"task_done": true}, "timestamp": 1787305944801}
{"sessionId": "1c5371", "hypothesisId": "H2", "location": "request_lock.py:_await_cancelled", "message": "await_pulse_start", "data": {"task_done": true, "task_cancelled": true}, "timestamp": 1787305944801}
{"sessionId": "1c5371", "hypothesisId": "H2", "location": "request_lock.py:_await_cancelled", "message": "await_pulse_end", "data": {"task_done": true}, "timestamp": 1787305944802}
{"sessionId": "1c5371", "hypothesisId": "H2", "location": "request_lock.py:_await_cancelled", "message": "await_pulse_start", "data": {"task_done": true, "task_cancelled": true}, "timestamp": 1787305944802}
{"sessionId": "1c5371", "hypothesisId": "H2", "location": "request_lock.py:_await_cancelled", "message": "await_pulse_end", "data": {"task_done": true}, "timestamp": 1787305944802}
{"sessionId": "1c5371", "hypothesisId": "H2", "location": "request_lock.py:_await_cancelled", "message": "await_pulse_start", "data": {"task_done": true, "task_cancelled": true}, "timestamp": 1787305944802}
{"sessionId": "1c5371", "hypothesisId": "H2", "location": "request_lock.py:_await_cancelled", "message": "await_pulse_end", "data": {"task_done": true}, "timestamp": 1787305944803}
{"sessionId": "1c5371", "hypothesisId": "H1", "location": "controlled_client.py:_wait_graph_rpc", "message": "rpc_done", "data": {"cancelled": false, "exc": null, "cancel_set": false}, "timestamp": 1787305950793}
{"sessionId": "1c5371", "hypothesisId": "H2", "location": "request_lock.py:_await_cancelled", "message": "await_pulse_start", "data": {"task_done": false, "task_cancelled": false}, "timestamp": 1787305950794}
{"sessionId": "1c5371", "hypothesisId": "H2", "location": "request_lock.py:_await_cancelled", "message": "await_pulse_end", "data": {"task_done": true}, "timestamp": 1787305950794}
{"sessionId": "1c5371", "hypothesisId": "H2", "location": "request_lock.py:_await_cancelled", "message": "await_pulse_start", "data": {"task_done": true, "task_cancelled": true}, "timestamp": 1787305950794}
{"sessionId": "1c5371", "hypothesisId": "H2", "location": "request_lock.py:_await_cancelled", "message": "await_pulse_end", "data": {"task_done": true}, "timestamp": 1787305950795}
{"sessionId": "1c5371", "hypothesisId": "H2", "location": "request_lock.py:_await_cancelled", "message": "await_pulse_start", "data": {"task_done": true, "task_cancelled": true}, "timestamp": 1787305950795}
{"sessionId": "1c5371", "hypothesisId": "H2", "location": "request_lock.py:_await_cancelled", "message": "await_pulse_end", "data": {"task_done": true}, "timestamp": 1787305950795}
{"sessionId": "1c5371", "hypothesisId": "H2", "location": "request_lock.py:_await_cancelled", "message": "await_pulse_start", "data": {"task_done": true, "task_cancelled": true}, "timestamp": 1787305950795}
{"sessionId": "1c5371", "hypothesisId": "H2", "location": "request_lock.py:_await_cancelled", "message": "await_pulse_end", "data": {"task_done": true}, "timestamp": 1787305950795}
{"sessionId": "1c5371", "hypothesisId": "H1", "location": "controlled_client.py:_wait_graph_rpc", "message": "rpc_done", "data": {"cancelled": false, "exc": null, "cancel_set": false}, "timestamp": 1787305956830}
{"sessionId": "1c5371", "hypothesisId": "H2", "location": "request_lock.py:_await_cancelled", "message": "await_pulse_start", "data": {"task_done": false, "task_cancelled": false}, "timestamp": 1787305956830}
{"sessionId": "1c5371", "hypothesisId": "H2", "location": "request_lock.py:_await_cancelled", "message": "await_pulse_end", "data": {"task_done": true}, "timestamp": 1787305956830}
{"sessionId": "1c5371", "hypothesisId": "H2", "location": "request_lock.py:_await_cancelled", "message": "await_pulse_start", "data": {"task_done": true, "task_cancelled": true}, "timestamp": 1787305956831}
{"sessionId": "1c5371", "hypothesisId": "H2", "location": "request_lock.py:_await_cancelled", "message": "await_pulse_end", "data": {"task_done": true}, "timestamp": 1787305956831}
{"sessionId": "1c5371", "hypothesisId": "H2", "location": "request_lock.py:_await_cancelled", "message": "await_pulse_start", "data": {"task_done": true, "task_cancelled": true}, "timestamp": 1787305956831}
{"sessionId": "1c5371", "hypothesisId": "H2", "location": "request_lock.py:_await_cancelled", "message": "await_pulse_end", "data": {"task_done": true}, "timestamp": 1787305956832}
{"sessionId": "1c5371", "hypothesisId": "H2", "location": "request_lock.py:_await_cancelled", "message": "await_pulse_start", "data": {"task_done": true, "task_cancelled": true}, "timestamp": 1787305956832}
{"sessionId": "1c5371", "hypothesisId": "H2", "location": "request_lock.py:_await_cancelled", "message": "await_pulse_end", "data": {"task_done": true}, "timestamp": 1787305956832}
{"sessionId": "1c5371", "hypothesisId": "H1", "location": "controlled_client.py:_wait_graph_rpc", "message": "rpc_done", "data": {"cancelled": false, "exc": null, "cancel_set": false}, "timestamp": 1787305962893}
{"sessionId": "1c5371", "hypothesisId": "H2", "location": "request_lock.py:_await_cancelled", "message": "await_pulse_start", "data": {"task_done": false, "task_cancelled": false}, "timestamp": 1787305962893}
{"sessionId": "1c5371", "hypothesisId": "H2", "location": "request_lock.py:_await_cancelled", "message": "await_pulse_end", "data": {"task_done": true}, "timestamp": 1787305962894}
{"sessionId": "1c5371", "hypothesisId": "H2", "location": "request_lock.py:_await_cancelled", "message": "await_pulse_start", "data": {"task_done": true, "task_cancelled": true}, "timestamp": 1787305962894}
{"sessionId": "1c5371", "hypothesisId": "H2", "location": "request_lock.py:_await_cancelled", "message": "await_pulse_end", "data": {"task_done": true}, "timestamp": 1787305962894}
{"sessionId": "1c5371", "hypothesisId": "H2", "location": "request_lock.py:_await_cancelled", "message": "await_pulse_start", "data": {"task_done": true, "task_cancelled": true}, "timestamp": 1787305962895}
{"sessionId": "1c5371", "hypothesisId": "H2", "location": "request_lock.py:_await_cancelled", "message": "await_pulse_end", "data": {"task_done": true}, "timestamp": 1787305962895}
{"sessionId": "1c5371", "hypothesisId": "H2", "location": "request_lock.py:_await_cancelled", "message": "await_pulse_start", "data": {"task_done": true, "task_cancelled": true}, "timestamp": 1787305962896}
{"sessionId": "1c5371", "hypothesisId": "H2", "location": "request_lock.py:_await_cancelled", "message": "await_pulse_end", "data": {"task_done": true}, "timestamp": 1787305962896}
{"sessionId": "1c5371", "hypothesisId": "H1", "location": "controlled_client.py:_wait_graph_rpc", "message": "rpc_done", "data": {"cancelled": false, "exc": null, "cancel_set": false}, "timestamp": 1787305968854}
{"sessionId": "1c5371", "hypothesisId": "H2", "location": "request_lock.py:_await_cancelled", "message": "await_pulse_start", "data": {"task_done": false, "task_cancelled": false}, "timestamp": 1787305968854}
{"sessionId": "1c5371", "hypothesisId": "H2", "location": "request_lock.py:_await_cancelled", "message": "await_pulse_end", "data": {"task_done": true}, "timestamp": 1787305968855}
{"sessionId": "1c5371", "hypothesisId": "H2", "location": "request_lock.py:_await_cancelled", "message": "await_pulse_start", "data": {"task_done": true, "task_cancelled": true}, "timestamp": 1787305968855}
{"sessionId": "1c5371", "hypothesisId": "H2", "location": "request_lock.py:_await_cancelled", "message": "await_pulse_end", "data": {"task_done": true}, "timestamp": 1787305968855}
{"sessionId": "1c5371", "hypothesisId": "H2", "location": "request_lock.py:_await_cancelled", "message": "await_pulse_start", "data": {"task_done": true, "task_cancelled": true}, "timestamp": 1787305968855}
{"sessionId": "1c5371", "hypothesisId": "H2", "location": "request_lock.py:_await_cancelled", "message": "await_pulse_end", "data": {"task_done": true}, "timestamp": 1787305968856}
{"sessionId": "1c5371", "hypothesisId": "H2", "location": "request_lock.py:_await_cancelled", "message": "await_pulse_start", "data": {"task_done": true, "task_cancelled": true}, "timestamp": 1787305968856}
{"sessionId": "1c5371", "hypothesisId": "H2", "location": "request_lock.py:_await_cancelled", "message": "await_pulse_end", "data": {"task_done": true}, "timestamp": 1787305968857}
{"sessionId": "1c5371", "hypothesisId": "H1", "location": "controlled_client.py:_wait_graph_rpc", "message": "rpc_done", "data": {"cancelled": false, "exc": null, "cancel_set": false}, "timestamp": 1787305974986}
{"sessionId": "1c5371", "hypothesisId": "H2", "location": "request_lock.py:_await_cancelled", "message": "await_pulse_start", "data": {"task_done": false, "task_cancelled": false}, "timestamp": 1787305974987}
{"sessionId": "1c5371", "hypothesisId": "H2", "location": "request_lock.py:_await_cancelled", "message": "await_pulse_end", "data": {"task_done": true}, "timestamp": 1787305974987}
{"sessionId": "1c5371", "hypothesisId": "H2", "location": "request_lock.py:_await_cancelled", "message": "await_pulse_start", "data": {"task_done": true, "task_cancelled": true}, "timestamp": 1787305974987}
{"sessionId": "1c5371", "hypothesisId": "H2", "location": "request_lock.py:_await_cancelled", "message": "await_pulse_end", "data": {"task_done": true}, "timestamp": 1787305974988}
{"sessionId": "1c5371", "hypothesisId": "H2", "location": "request_lock.py:_await_cancelled", "message": "await_pulse_start", "data": {"task_done": true, "task_cancelled": true}, "timestamp": 1787305974988}
{"sessionId": "1c5371", "hypothesisId": "H2", "location": "request_lock.py:_await_cancelled", "message": "await_pulse_end", "data": {"task_done": true}, "timestamp": 1787305974988}
{"sessionId": "1c5371", "hypothesisId": "H2", "location": "request_lock.py:_await_cancelled", "message": "await_pulse_start", "data": {"task_done": true, "task_cancelled": true}, "timestamp": 1787305974988}
{"sessionId": "1c5371", "hypothesisId": "H2", "location": "request_lock.py:_await_cancelled", "message": "await_pulse_end", "data": {"task_done": true}, "timestamp": 1787305974989}
{"sessionId": "1c5371", "hypothesisId": "H1", "location": "controlled_client.py:_wait_graph_rpc", "message": "rpc_done", "data": {"cancelled": false, "exc": null, "cancel_set": false}, "timestamp": 1787305981046}
{"sessionId": "1c5371", "hypothesisId": "H2", "location": "request_lock.py:_await_cancelled", "message": "await_pulse_start", "data": {"task_done": false, "task_cancelled": false}, "timestamp": 1787305981046}
{"sessionId": "1c5371", "hypothesisId": "H2", "location": "request_lock.py:_await_cancelled", "message": "await_pulse_end", "data": {"task_done": true}, "timestamp": 1787305981046}
{"sessionId": "1c5371", "hypothesisId": "H2", "location": "request_lock.py:_await_cancelled", "message": "await_pulse_start", "data": {"task_done": true, "task_cancelled": true}, "timestamp": 1787305981047}
{"sessionId": "1c5371", "hypothesisId": "H2", "location": "request_lock.py:_await_cancelled", "message": "await_pulse_end", "data": {"task_done": true}, "timestamp": 1787305981047}
{"sessionId": "1c5371", "hypothesisId": "H2", "location": "request_lock.py:_await_cancelled", "message": "await_pulse_start", "data": {"task_done": true, "task_cancelled": true}, "timestamp": 1787305981050}
{"sessionId": "1c5371", "hypothesisId": "H2", "location": "request_lock.py:_await_cancelled", "message": "await_pulse_end", "data": {"task_done": true}, "timestamp": 1787305981050}
{"sessionId": "1c5371", "hypothesisId": "H2", "location": "request_lock.py:_await_cancelled", "message": "await_pulse_start", "data": {"task_done": true, "task_cancelled": true}, "timestamp": 1787305981050}
{"sessionId": "1c5371", "hypothesisId": "H2", "location": "request_lock.py:_await_cancelled", "message": "await_pulse_end", "data": {"task_done": true}, "timestamp": 1787305981050}
{"sessionId": "1c5371", "hypothesisId": "H1", "location": "controlled_client.py:_wait_graph_rpc", "message": "rpc_done", "data": {"cancelled": false, "exc": null, "cancel_set": false}, "timestamp": 1787305986973}
{"sessionId": "1c5371", "hypothesisId": "H2", "location": "request_lock.py:_await_cancelled", "message": "await_pulse_start", "data": {"task_done": false, "task_cancelled": false}, "timestamp": 1787305986973}
{"sessionId": "1c5371", "hypothesisId": "H2", "location": "request_lock.py:_await_cancelled", "message": "await_pulse_end", "data": {"task_done": true}, "timestamp": 1787305986973}
{"sessionId": "1c5371", "hypothesisId": "H2", "location": "request_lock.py:_await_cancelled", "message": "await_pulse_start", "data": {"task_done": true, "task_cancelled": true}, "timestamp": 1787305986974}
{"sessionId": "1c5371", "hypothesisId": "H2", "location": "request_lock.py:_await_cancelled", "message": "await_pulse_end", "data": {"task_done": true}, "timestamp": 1787305986974}
{"sessionId": "1c5371", "hypothesisId": "H2", "location": "request_lock.py:_await_cancelled", "message": "await_pulse_start", "data": {"task_done": true, "task_cancelled": true}, "timestamp": 1787305986974}
{"sessionId": "1c5371", "hypothesisId": "H2", "location": "request_lock.py:_await_cancelled", "message": "await_pulse_end", "data": {"task_done": true}, "timestamp": 1787305986974}
{"sessionId": "1c5371", "hypothesisId": "H2", "location": "request_lock.py:_await_cancelled", "message": "await_pulse_start", "data": {"task_done": true, "task_cancelled": true}, "timestamp": 1787305986975}
{"sessionId": "1c5371", "hypothesisId": "H2", "location": "request_lock.py:_await_cancelled", "message": "await_pulse_end", "data": {"task_done": true}, "timestamp": 1787305986975}
{"sessionId": "1c5371", "hypothesisId": "H1", "location": "controlled_client.py:_wait_graph_rpc", "message": "rpc_done", "data": {"cancelled": false, "exc": null, "cancel_set": false}, "timestamp": 1787305993056}
{"sessionId": "1c5371", "hypothesisId": "H2", "location": "request_lock.py:_await_cancelled", "message": "await_pulse_start", "data": {"task_done": false, "task_cancelled": false}, "timestamp": 1787305993056}
{"sessionId": "1c5371", "hypothesisId": "H2", "location": "request_lock.py:_await_cancelled", "message": "await_pulse_end", "data": {"task_done": true}, "timestamp": 1787305993057}
{"sessionId": "1c5371", "hypothesisId": "H2", "location": "request_lock.py:_await_cancelled", "message": "await_pulse_start", "data": {"task_done": true, "task_cancelled": true}, "timestamp": 1787305993057}
{"sessionId": "1c5371", "hypothesisId": "H2", "location": "request_lock.py:_await_cancelled", "message": "await_pulse_end", "data": {"task_done": true}, "timestamp": 1787305993057}
{"sessionId": "1c5371", "hypothesisId": "H2", "location": "request_lock.py:_await_cancelled", "message": "await_pulse_start", "data": {"task_done": true, "task_cancelled": true}, "timestamp": 1787305993058}
{"sessionId": "1c5371", "hypothesisId": "H2", "location": "request_lock.py:_await_cancelled", "message": "await_pulse_end", "data": {"task_done": true}, "timestamp": 1787305993058}
{"sessionId": "1c5371", "hypothesisId": "H2", "location": "request_lock.py:_await_cancelled", "message": "await_pulse_start", "data": {"task_done": true, "task_cancelled": true}, "timestamp": 1787305993058}
{"sessionId": "1c5371", "hypothesisId": "H2", "location": "request_lock.py:_await_cancelled", "message": "await_pulse_end", "data": {"task_done": true}, "timestamp": 1787305993059}
{"sessionId": "1c5371", "hypothesisId": "H1", "location": "controlled_client.py:_wait_graph_rpc", "message": "rpc_done", "data": {"cancelled": false, "exc": null, "cancel_set": false}, "timestamp": 1787305999365}
{"sessionId": "1c5371", "hypothesisId": "H2", "location": "request_lock.py:_await_cancelled", "message": "await_pulse_start", "data": {"task_done": false, "task_cancelled": false}, "timestamp": 1787305999365}
{"sessionId": "1c5371", "hypothesisId": "H2", "location": "request_lock.py:_await_cancelled", "message": "await_pulse_end", "data": {"task_done": true}, "timestamp": 1787305999366}
{"sessionId": "1c5371", "hypothesisId": "H2", "location": "request_lock.py:_await_cancelled", "message": "await_pulse_start", "data": {"task_done": true, "task_cancelled": true}, "timestamp": 1787305999367}
{"sessionId": "1c5371", "hypothesisId": "H2", "location": "request_lock.py:_await_cancelled", "message": "await_pulse_end", "data": {"task_done": true}, "timestamp": 1787305999368}
{"sessionId": "1c5371", "hypothesisId": "H2", "location": "request_lock.py:_await_cancelled", "message": "await_pulse_start", "data": {"task_done": true, "task_cancelled": true}, "timestamp": 1787305999368}
{"sessionId": "1c5371", "hypothesisId": "H2", "location": "request_lock.py:_await_cancelled", "message": "await_pulse_end", "data": {"task_done": true}, "timestamp": 1787305999368}
{"sessionId": "1c5371", "hypothesisId": "H2", "location": "request_lock.py:_await_cancelled", "message": "await_pulse_start", "data": {"task_done": true, "task_cancelled": true}, "timestamp": 1787305999369}
{"sessionId": "1c5371", "hypothesisId": "H2", "location": "request_lock.py:_await_cancelled", "message": "await_pulse_end", "data": {"task_done": true}, "timestamp": 1787305999370}
{"sessionId": "1c5371", "hypothesisId": "H1", "location": "controlled_client.py:_wait_graph_rpc", "message": "rpc_done", "data": {"cancelled": false, "exc": null, "cancel_set": false}, "timestamp": 1787306005071}
{"sessionId": "1c5371", "hypothesisId": "H2", "location": "request_lock.py:_await_cancelled", "message": "await_pulse_start", "data": {"task_done": false, "task_cancelled": false}, "timestamp": 1787306005071}
{"sessionId": "1c5371", "hypothesisId": "H2", "location": "request_lock.py:_await_cancelled", "message": "await_pulse_end", "data": {"task_done": true}, "timestamp": 1787306005072}
{"sessionId": "1c5371", "hypothesisId": "H2", "location": "request_lock.py:_await_cancelled", "message": "await_pulse_start", "data": {"task_done": true, "task_cancelled": true}, "timestamp": 1787306005072}
{"sessionId": "1c5371", "hypothesisId": "H2", "location": "request_lock.py:_await_cancelled", "message": "await_pulse_end", "data": {"task_done": true}, "timestamp": 1787306005072}
{"sessionId": "1c5371", "hypothesisId": "H2", "location": "request_lock.py:_await_cancelled", "message": "await_pulse_start", "data": {"task_done": true, "task_cancelled": true}, "timestamp": 1787306005073}
{"sessionId": "1c5371", "hypothesisId": "H2", "location": "request_lock.py:_await_cancelled", "message": "await_pulse_end", "data": {"task_done": true}, "timestamp": 1787306005073}
{"sessionId": "1c5371", "hypothesisId": "H2", "location": "request_lock.py:_await_cancelled", "message": "await_pulse_start", "data": {"task_done": true, "task_cancelled": true}, "timestamp": 1787306005075}
{"sessionId": "1c5371", "hypothesisId": "H2", "location": "request_lock.py:_await_cancelled", "message": "await_pulse_end", "data": {"task_done": true}, "timestamp": 1787306005076}
{"sessionId": "1c5371", "hypothesisId": "H1", "location": "controlled_client.py:_wait_graph_rpc", "message": "rpc_done", "data": {"cancelled": false, "exc": null, "cancel_set": false}, "timestamp": 1787306011379}
{"sessionId": "1c5371", "hypothesisId": "H2", "location": "request_lock.py:_await_cancelled", "message": "await_pulse_start", "data": {"task_done": false, "task_cancelled": false}, "timestamp": 1787306011380}
{"sessionId": "1c5371", "hypothesisId": "H2", "location": "request_lock.py:_await_cancelled", "message": "await_pulse_end", "data": {"task_done": true}, "timestamp": 1787306011380}
{"sessionId": "1c5371", "hypothesisId": "H2", "location": "request_lock.py:_await_cancelled", "message": "await_pulse_start", "data": {"task_done": true, "task_cancelled": true}, "timestamp": 1787306011381}
{"sessionId": "1c5371", "hypothesisId": "H2", "location": "request_lock.py:_await_cancelled", "message": "await_pulse_end", "data": {"task_done": true}, "timestamp": 1787306011381}
{"sessionId": "1c5371", "hypothesisId": "H2", "location": "request_lock.py:_await_cancelled", "message": "await_pulse_start", "data": {"task_done": true, "task_cancelled": true}, "timestamp": 1787306011381}
{"sessionId": "1c5371", "hypothesisId": "H2", "location": "request_lock.py:_await_cancelled", "message": "await_pulse_end", "data": {"task_done": true}, "timestamp": 1787306011381}
{"sessionId": "1c5371", "hypothesisId": "H2", "location": "request_lock.py:_await_cancelled", "message": "await_pulse_start", "data": {"task_done": true, "task_cancelled": true}, "timestamp": 1787306011382}
{"sessionId": "1c5371", "hypothesisId": "H2", "location": "request_lock.py:_await_cancelled", "message": "await_pulse_end", "data": {"task_done": true}, "timestamp": 1787306011382}
{"sessionId": "1c5371", "hypothesisId": "H1", "location": "controlled_client.py:_wait_graph_rpc", "message": "rpc_done", "data": {"cancelled": false, "exc": null, "cancel_set": false}, "timestamp": 1787306017623}
{"sessionId": "1c5371", "hypothesisId": "H2", "location": "request_lock.py:_await_cancelled", "message": "await_pulse_start", "data": {"task_done": false, "task_cancelled": false}, "timestamp": 1787306017624}
{"sessionId": "1c5371", "hypothesisId": "H2", "location": "request_lock.py:_await_cancelled", "message": "await_pulse_end", "data": {"task_done": true}, "timestamp": 1787306017630}
{"sessionId": "1c5371", "hypothesisId": "H2", "location": "request_lock.py:_await_cancelled", "message": "await_pulse_start", "data": {"task_done": true, "task_cancelled": true}, "timestamp": 1787306017631}
{"sessionId": "1c5371", "hypothesisId": "H2", "location": "request_lock.py:_await_cancelled", "message": "await_pulse_end", "data": {"task_done": true}, "timestamp": 1787306017631}
{"sessionId": "1c5371", "hypothesisId": "H2", "location": "request_lock.py:_await_cancelled", "message": "await_pulse_start", "data": {"task_done": true, "task_cancelled": true}, "timestamp": 1787306017632}
{"sessionId": "1c5371", "hypothesisId": "H2", "location": "request_lock.py:_await_cancelled", "message": "await_pulse_end", "data": {"task_done": true}, "timestamp": 1787306017635}
{"sessionId": "1c5371", "hypothesisId": "H2", "location": "request_lock.py:_await_cancelled", "message": "await_pulse_start", "data": {"task_done": true, "task_cancelled": true}, "timestamp": 1787306017636}
{"sessionId": "1c5371", "hypothesisId": "H2", "location": "request_lock.py:_await_cancelled", "message": "await_pulse_end", "data": {"task_done": true}, "timestamp": 1787306017636}
{"sessionId": "1c5371", "hypothesisId": "H1", "location": "controlled_client.py:_wait_graph_rpc", "message": "rpc_done", "data": {"cancelled": false, "exc": null, "cancel_set": false}, "timestamp": 1787306023072}
{"sessionId": "1c5371", "hypothesisId": "H2", "location": "request_lock.py:_await_cancelled", "message": "await_pulse_start", "data": {"task_done": false, "task_cancelled": false}, "timestamp": 1787306023072}
{"sessionId": "1c5371", "hypothesisId": "H2", "location": "request_lock.py:_await_cancelled", "message": "await_pulse_end", "data": {"task_done": true}, "timestamp": 1787306023073}
{"sessionId": "1c5371", "hypothesisId": "H2", "location": "request_lock.py:_await_cancelled", "message": "await_pulse_start", "data": {"task_done": true, "task_cancelled": true}, "timestamp": 1787306023076}
{"sessionId": "1c5371", "hypothesisId": "H2", "location": "request_lock.py:_await_cancelled", "message": "await_pulse_end", "data": {"task_done": true}, "timestamp": 1787306023076}
{"sessionId": "1c5371", "hypothesisId": "H2", "location": "request_lock.py:_await_cancelled", "message": "await_pulse_start", "data": {"task_done": true, "task_cancelled": true}, "timestamp": 1787306023077}
{"sessionId": "1c5371", "hypothesisId": "H2", "location": "request_lock.py:_await_cancelled", "message": "await_pulse_end", "data": {"task_done": true}, "timestamp": 1787306023077}
{"sessionId": "1c5371", "hypothesisId": "H2", "location": "request_lock.py:_await_cancelled", "message": "await_pulse_start", "data": {"task_done": true, "task_cancelled": true}, "timestamp": 1787306023078}
{"sessionId": "1c5371", "hypothesisId": "H2", "location": "request_lock.py:_await_cancelled", "message": "await_pulse_end", "data": {"task_done": true}, "timestamp": 1787306023078}
{"sessionId": "1c5371", "hypothesisId": "H1", "location": "controlled_client.py:_wait_graph_rpc", "message": "rpc_done", "data": {"cancelled": false, "exc": null, "cancel_set": false}, "timestamp": 1787306029116}
{"sessionId": "1c5371", "hypothesisId": "H2", "location": "request_lock.py:_await_cancelled", "message": "await_pulse_start", "data": {"task_done": false, "task_cancelled": false}, "timestamp": 1787306029117}
{"sessionId": "1c5371", "hypothesisId": "H2", "location": "request_lock.py:_await_cancelled", "message": "await_pulse_end", "data": {"task_done": true}, "timestamp": 1787306029117}
{"sessionId": "1c5371", "hypothesisId": "H2", "location": "request_lock.py:_await_cancelled", "message": "await_pulse_start", "data": {"task_done": true, "task_cancelled": true}, "timestamp": 1787306029117}
{"sessionId": "1c5371", "hypothesisId": "H2", "location": "request_lock.py:_await_cancelled", "message": "await_pulse_end", "data": {"task_done": true}, "timestamp": 1787306029118}
{"sessionId": "1c5371", "hypothesisId": "H2", "location": "request_lock.py:_await_cancelled", "message": "await_pulse_start", "data": {"task_done": true, "task_cancelled": true}, "timestamp": 1787306029118}
{"sessionId": "1c5371", "hypothesisId": "H2", "location": "request_lock.py:_await_cancelled", "message": "await_pulse_end", "data": {"task_done": true}, "timestamp": 1787306029118}
{"sessionId": "1c5371", "hypothesisId": "H2", "location": "request_lock.py:_await_cancelled", "message": "await_pulse_start", "data": {"task_done": true, "task_cancelled": true}, "timestamp": 1787306029119}
{"sessionId": "1c5371", "hypothesisId": "H2", "location": "request_lock.py:_await_cancelled", "message": "await_pulse_end", "data": {"task_done": true}, "timestamp": 1787306029119}
{"sessionId": "1c5371", "hypothesisId": "H1", "location": "controlled_client.py:_wait_graph_rpc", "message": "rpc_done", "data": {"cancelled": false, "exc": null, "cancel_set": false}, "timestamp": 1787306035391}
{"sessionId": "1c5371", "hypothesisId": "H2", "location": "request_lock.py:_await_cancelled", "message": "await_pulse_start", "data": {"task_done": false, "task_cancelled": false}, "timestamp": 1787306035392}
{"sessionId": "1c5371", "hypothesisId": "H2", "location": "request_lock.py:_await_cancelled", "message": "await_pulse_end", "data": {"task_done": true}, "timestamp": 1787306035393}
{"sessionId": "1c5371", "hypothesisId": "H2", "location": "request_lock.py:_await_cancelled", "message": "await_pulse_start", "data": {"task_done": true, "task_cancelled": true}, "timestamp": 1787306035393}
{"sessionId": "1c5371", "hypothesisId": "H2", "location": "request_lock.py:_await_cancelled", "message": "await_pulse_end", "data": {"task_done": true}, "timestamp": 1787306035393}
{"sessionId": "1c5371", "hypothesisId": "H2", "location": "request_lock.py:_await_cancelled", "message": "await_pulse_start", "data": {"task_done": true, "task_cancelled": true}, "timestamp": 1787306035393}
{"sessionId": "1c5371", "hypothesisId": "H2", "location": "request_lock.py:_await_cancelled", "message": "await_pulse_end", "data": {"task_done": true}, "timestamp": 1787306035397}
{"sessionId": "1c5371", "hypothesisId": "H2", "location": "request_lock.py:_await_cancelled", "message": "await_pulse_start", "data": {"task_done": true, "task_cancelled": true}, "timestamp": 1787306035398}
{"sessionId": "1c5371", "hypothesisId": "H2", "location": "request_lock.py:_await_cancelled", "message": "await_pulse_end", "data": {"task_done": true}, "timestamp": 1787306035399}
{"sessionId": "1c5371", "hypothesisId": "H1", "location": "controlled_client.py:_wait_graph_rpc", "message": "rpc_done", "data": {"cancelled": false, "exc": "UsernameNotOccupiedError", "cancel_set": false}, "timestamp": 1787306041175}
{"sessionId": "1c5371", "hypothesisId": "H2", "location": "request_lock.py:_await_cancelled", "message": "await_pulse_start", "data": {"task_done": false, "task_cancelled": false}, "timestamp": 1787306041176}
{"sessionId": "1c5371", "hypothesisId": "H2", "location": "request_lock.py:_await_cancelled", "message": "await_pulse_end", "data": {"task_done": true}, "timestamp": 1787306041177}
{"sessionId": "1c5371", "hypothesisId": "H2", "location": "request_lock.py:_await_cancelled", "message": "await_pulse_start", "data": {"task_done": true, "task_cancelled": true}, "timestamp": 1787306041177}
{"sessionId": "1c5371", "hypothesisId": "H2", "location": "request_lock.py:_await_cancelled", "message": "await_pulse_end", "data": {"task_done": true}, "timestamp": 1787306041178}
{"sessionId": "1c5371", "hypothesisId": "H2", "location": "request_lock.py:_await_cancelled", "message": "await_pulse_start", "data": {"task_done": true, "task_cancelled": true}, "timestamp": 1787306041178}
{"sessionId": "1c5371", "hypothesisId": "H2", "location": "request_lock.py:_await_cancelled", "message": "await_pulse_end", "data": {"task_done": true}, "timestamp": 1787306041178}
{"sessionId": "1c5371", "hypothesisId": "H2", "location": "request_lock.py:_await_cancelled", "message": "await_pulse_start", "data": {"task_done": true, "task_cancelled": true}, "timestamp": 1787306041178}
{"sessionId": "1c5371", "hypothesisId": "H2", "location": "request_lock.py:_await_cancelled", "message": "await_pulse_end", "data": {"task_done": true}, "timestamp": 1787306041179}
{"sessionId": "1c5371", "hypothesisId": "H3", "location": "error_mapping.py:_map_telethon_error", "message": "mapped_inaccessible", "data": {"exc": "UsernameNotOccupiedError"}, "timestamp": 1787306041179, "runId": "post-fix"}
{"sessionId": "1c5371", "hypothesisId": "H1", "location": "controlled_client.py:_wait_graph_rpc", "message": "rpc_done", "data": {"cancelled": false, "exc": null, "cancel_set": false}, "timestamp": 1787306047501}
{"sessionId": "1c5371", "hypothesisId": "H2", "location": "request_lock.py:_await_cancelled", "message": "await_pulse_start", "data": {"task_done": false, "task_cancelled": false}, "timestamp": 1787306047506}
{"sessionId": "1c5371", "hypothesisId": "H2", "location": "request_lock.py:_await_cancelled", "message": "await_pulse_end", "data": {"task_done": true}, "timestamp": 1787306047506}
{"sessionId": "1c5371", "hypothesisId": "H2", "location": "request_lock.py:_await_cancelled", "message": "await_pulse_start", "data": {"task_done": true, "task_cancelled": true}, "timestamp": 1787306047507}
{"sessionId": "1c5371", "hypothesisId": "H2", "location": "request_lock.py:_await_cancelled", "message": "await_pulse_end", "data": {"task_done": true}, "timestamp": 1787306047507}
{"sessionId": "1c5371", "hypothesisId": "H2", "location": "request_lock.py:_await_cancelled", "message": "await_pulse_start", "data": {"task_done": true, "task_cancelled": true}, "timestamp": 1787306047507}
{"sessionId": "1c5371", "hypothesisId": "H2", "location": "request_lock.py:_await_cancelled", "message": "await_pulse_end", "data": {"task_done": true}, "timestamp": 1787306047508}
{"sessionId": "1c5371", "hypothesisId": "H2", "location": "request_lock.py:_await_cancelled", "message": "await_pulse_start", "data": {"task_done": true, "task_cancelled": true}, "timestamp": 1787306047508}
{"sessionId": "1c5371", "hypothesisId": "H2", "location": "request_lock.py:_await_cancelled", "message": "await_pulse_end", "data": {"task_done": true}, "timestamp": 1787306047508}
{"sessionId": "1c5371", "hypothesisId": "H1", "location": "controlled_client.py:_wait_graph_rpc", "message": "rpc_done", "data": {"cancelled": false, "exc": null, "cancel_set": false}, "timestamp": 1787306053161}
{"sessionId": "1c5371", "hypothesisId": "H2", "location": "request_lock.py:_await_cancelled", "message": "await_pulse_start", "data": {"task_done": false, "task_cancelled": false}, "timestamp": 1787306053161}
{"sessionId": "1c5371", "hypothesisId": "H2", "location": "request_lock.py:_await_cancelled", "message": "await_pulse_end", "data": {"task_done": true}, "timestamp": 1787306053161}
{"sessionId": "1c5371", "hypothesisId": "H2", "location": "request_lock.py:_await_cancelled", "message": "await_pulse_start", "data": {"task_done": true, "task_cancelled": true}, "timestamp": 1787306053162}
{"sessionId": "1c5371", "hypothesisId": "H2", "location": "request_lock.py:_await_cancelled", "message": "await_pulse_end", "data": {"task_done": true}, "timestamp": 1787306053163}
{"sessionId": "1c5371", "hypothesisId": "H2", "location": "request_lock.py:_await_cancelled", "message": "await_pulse_start", "data": {"task_done": true, "task_cancelled": true}, "timestamp": 1787306053163}
{"sessionId": "1c5371", "hypothesisId": "H2", "location": "request_lock.py:_await_cancelled", "message": "await_pulse_end", "data": {"task_done": true}, "timestamp": 1787306053163}
{"sessionId": "1c5371", "hypothesisId": "H2", "location": "request_lock.py:_await_cancelled", "message": "await_pulse_start", "data": {"task_done": true, "task_cancelled": true}, "timestamp": 1787306053163}
{"sessionId": "1c5371", "hypothesisId": "H2", "location": "request_lock.py:_await_cancelled", "message": "await_pulse_end", "data": {"task_done": true}, "timestamp": 1787306053164}
{"sessionId": "1c5371", "hypothesisId": "H1", "location": "controlled_client.py:_wait_graph_rpc", "message": "rpc_done", "data": {"cancelled": false, "exc": null, "cancel_set": false}, "timestamp": 1787306059198}
{"sessionId": "1c5371", "hypothesisId": "H2", "location": "request_lock.py:_await_cancelled", "message": "await_pulse_start", "data": {"task_done": false, "task_cancelled": false}, "timestamp": 1787306059199}
{"sessionId": "1c5371", "hypothesisId": "H2", "location": "request_lock.py:_await_cancelled", "message": "await_pulse_end", "data": {"task_done": true}, "timestamp": 1787306059199}
{"sessionId": "1c5371", "hypothesisId": "H2", "location": "request_lock.py:_await_cancelled", "message": "await_pulse_start", "data": {"task_done": true, "task_cancelled": true}, "timestamp": 1787306059200}
{"sessionId": "1c5371", "hypothesisId": "H2", "location": "request_lock.py:_await_cancelled", "message": "await_pulse_end", "data": {"task_done": true}, "timestamp": 1787306059200}
{"sessionId": "1c5371", "hypothesisId": "H2", "location": "request_lock.py:_await_cancelled", "message": "await_pulse_start", "data": {"task_done": true, "task_cancelled": true}, "timestamp": 1787306059201}
{"sessionId": "1c5371", "hypothesisId": "H2", "location": "request_lock.py:_await_cancelled", "message": "await_pulse_end", "data": {"task_done": true}, "timestamp": 1787306059202}
{"sessionId": "1c5371", "hypothesisId": "H2", "location": "request_lock.py:_await_cancelled", "message": "await_pulse_start", "data": {"task_done": true, "task_cancelled": true}, "timestamp": 1787306059204}
{"sessionId": "1c5371", "hypothesisId": "H2", "location": "request_lock.py:_await_cancelled", "message": "await_pulse_end", "data": {"task_done": true}, "timestamp": 1787306059204}
{"sessionId": "1c5371", "hypothesisId": "H1", "location": "controlled_client.py:_wait_graph_rpc", "message": "rpc_done", "data": {"cancelled": false, "exc": null, "cancel_set": false}, "timestamp": 1787306065207}
{"sessionId": "1c5371", "hypothesisId": "H2", "location": "request_lock.py:_await_cancelled", "message": "await_pulse_start", "data": {"task_done": false, "task_cancelled": false}, "timestamp": 1787306065208}
{"sessionId": "1c5371", "hypothesisId": "H2", "location": "request_lock.py:_await_cancelled", "message": "await_pulse_end", "data": {"task_done": true}, "timestamp": 1787306065208}
{"sessionId": "1c5371", "hypothesisId": "H2", "location": "request_lock.py:_await_cancelled", "message": "await_pulse_start", "data": {"task_done": true, "task_cancelled": true}, "timestamp": 1787306065209}
{"sessionId": "1c5371", "hypothesisId": "H2", "location": "request_lock.py:_await_cancelled", "message": "await_pulse_end", "data": {"task_done": true}, "timestamp": 1787306065210}
{"sessionId": "1c5371", "hypothesisId": "H2", "location": "request_lock.py:_await_cancelled", "message": "await_pulse_start", "data": {"task_done": true, "task_cancelled": true}, "timestamp": 1787306065211}
{"sessionId": "1c5371", "hypothesisId": "H2", "location": "request_lock.py:_await_cancelled", "message": "await_pulse_end", "data": {"task_done": true}, "timestamp": 1787306065211}
{"sessionId": "1c5371", "hypothesisId": "H2", "location": "request_lock.py:_await_cancelled", "message": "await_pulse_start", "data": {"task_done": true, "task_cancelled": true}, "timestamp": 1787306065211}
{"sessionId": "1c5371", "hypothesisId": "H2", "location": "request_lock.py:_await_cancelled", "message": "await_pulse_end", "data": {"task_done": true}, "timestamp": 1787306065213}
{"sessionId": "1c5371", "hypothesisId": "H1", "location": "controlled_client.py:_wait_graph_rpc", "message": "rpc_done", "data": {"cancelled": false, "exc": null, "cancel_set": false}, "timestamp": 1787306071356}
{"sessionId": "1c5371", "hypothesisId": "H2", "location": "request_lock.py:_await_cancelled", "message": "await_pulse_start", "data": {"task_done": false, "task_cancelled": false}, "timestamp": 1787306071357}
{"sessionId": "1c5371", "hypothesisId": "H2", "location": "request_lock.py:_await_cancelled", "message": "await_pulse_end", "data": {"task_done": true}, "timestamp": 1787306071358}
{"sessionId": "1c5371", "hypothesisId": "H2", "location": "request_lock.py:_await_cancelled", "message": "await_pulse_start", "data": {"task_done": true, "task_cancelled": true}, "timestamp": 1787306071358}
{"sessionId": "1c5371", "hypothesisId": "H2", "location": "request_lock.py:_await_cancelled", "message": "await_pulse_end", "data": {"task_done": true}, "timestamp": 1787306071360}
{"sessionId": "1c5371", "hypothesisId": "H2", "location": "request_lock.py:_await_cancelled", "message": "await_pulse_start", "data": {"task_done": true, "task_cancelled": true}, "timestamp": 1787306071361}
{"sessionId": "1c5371", "hypothesisId": "H2", "location": "request_lock.py:_await_cancelled", "message": "await_pulse_end", "data": {"task_done": true}, "timestamp": 1787306071361}
{"sessionId": "1c5371", "hypothesisId": "H2", "location": "request_lock.py:_await_cancelled", "message": "await_pulse_start", "data": {"task_done": true, "task_cancelled": true}, "timestamp": 1787306071362}
{"sessionId": "1c5371", "hypothesisId": "H2", "location": "request_lock.py:_await_cancelled", "message": "await_pulse_end", "data": {"task_done": true}, "timestamp": 1787306071362}
{"sessionId": "1c5371", "hypothesisId": "H1", "location": "controlled_client.py:_wait_graph_rpc", "message": "rpc_done", "data": {"cancelled": false, "exc": null, "cancel_set": false}, "timestamp": 1787306077267}
{"sessionId": "1c5371", "hypothesisId": "H2", "location": "request_lock.py:_await_cancelled", "message": "await_pulse_start", "data": {"task_done": false, "task_cancelled": false}, "timestamp": 1787306077268}
{"sessionId": "1c5371", "hypothesisId": "H2", "location": "request_lock.py:_await_cancelled", "message": "await_pulse_end", "data": {"task_done": true}, "timestamp": 1787306077268}
{"sessionId": "1c5371", "hypothesisId": "H2", "location": "request_lock.py:_await_cancelled", "message": "await_pulse_start", "data": {"task_done": true, "task_cancelled": true}, "timestamp": 1787306077269}
{"sessionId": "1c5371", "hypothesisId": "H2", "location": "request_lock.py:_await_cancelled", "message": "await_pulse_end", "data": {"task_done": true}, "timestamp": 1787306077269}
{"sessionId": "1c5371", "hypothesisId": "H2", "location": "request_lock.py:_await_cancelled", "message": "await_pulse_start", "data": {"task_done": true, "task_cancelled": true}, "timestamp": 1787306077270}
{"sessionId": "1c5371", "hypothesisId": "H2", "location": "request_lock.py:_await_cancelled", "message": "await_pulse_end", "data": {"task_done": true}, "timestamp": 1787306077270}
{"sessionId": "1c5371", "hypothesisId": "H2", "location": "request_lock.py:_await_cancelled", "message": "await_pulse_start", "data": {"task_done": true, "task_cancelled": true}, "timestamp": 1787306077270}
{"sessionId": "1c5371", "hypothesisId": "H2", "location": "request_lock.py:_await_cancelled", "message": "await_pulse_end", "data": {"task_done": true}, "timestamp": 1787306077271}
{"sessionId": "1c5371", "hypothesisId": "H1", "location": "controlled_client.py:_wait_graph_rpc", "message": "rpc_done", "data": {"cancelled": false, "exc": null, "cancel_set": false}, "timestamp": 1787306083347}
{"sessionId": "1c5371", "hypothesisId": "H2", "location": "request_lock.py:_await_cancelled", "message": "await_pulse_start", "data": {"task_done": false, "task_cancelled": false}, "timestamp": 1787306083350}
{"sessionId": "1c5371", "hypothesisId": "H2", "location": "request_lock.py:_await_cancelled", "message": "await_pulse_end", "data": {"task_done": true}, "timestamp": 1787306083350}
{"sessionId": "1c5371", "hypothesisId": "H2", "location": "request_lock.py:_await_cancelled", "message": "await_pulse_start", "data": {"task_done": true, "task_cancelled": true}, "timestamp": 1787306083351}
{"sessionId": "1c5371", "hypothesisId": "H2", "location": "request_lock.py:_await_cancelled", "message": "await_pulse_end", "data": {"task_done": true}, "timestamp": 1787306083351}
{"sessionId": "1c5371", "hypothesisId": "H2", "location": "request_lock.py:_await_cancelled", "message": "await_pulse_start", "data": {"task_done": true, "task_cancelled": true}, "timestamp": 1787306083352}
{"sessionId": "1c5371", "hypothesisId": "H2", "location": "request_lock.py:_await_cancelled", "message": "await_pulse_end", "data": {"task_done": true}, "timestamp": 1787306083352}
{"sessionId": "1c5371", "hypothesisId": "H2", "location": "request_lock.py:_await_cancelled", "message": "await_pulse_start", "data": {"task_done": true, "task_cancelled": true}, "timestamp": 1787306083352}
{"sessionId": "1c5371", "hypothesisId": "H2", "location": "request_lock.py:_await_cancelled", "message": "await_pulse_end", "data": {"task_done": true}, "timestamp": 1787306083352}
{"sessionId": "1c5371", "hypothesisId": "H1", "location": "controlled_client.py:_wait_graph_rpc", "message": "rpc_done", "data": {"cancelled": false, "exc": null, "cancel_set": false}, "timestamp": 1787306089604}
{"sessionId": "1c5371", "hypothesisId": "H2", "location": "request_lock.py:_await_cancelled", "message": "await_pulse_start", "data": {"task_done": false, "task_cancelled": false}, "timestamp": 1787306089605}
{"sessionId": "1c5371", "hypothesisId": "H2", "location": "request_lock.py:_await_cancelled", "message": "await_pulse_end", "data": {"task_done": true}, "timestamp": 1787306089605}
{"sessionId": "1c5371", "hypothesisId": "H2", "location": "request_lock.py:_await_cancelled", "message": "await_pulse_start", "data": {"task_done": true, "task_cancelled": true}, "timestamp": 1787306089605}
{"sessionId": "1c5371", "hypothesisId": "H2", "location": "request_lock.py:_await_cancelled", "message": "await_pulse_end", "data": {"task_done": true}, "timestamp": 1787306089606}
{"sessionId": "1c5371", "hypothesisId": "H2", "location": "request_lock.py:_await_cancelled", "message": "await_pulse_start", "data": {"task_done": true, "task_cancelled": true}, "timestamp": 1787306089606}
{"sessionId": "1c5371", "hypothesisId": "H2", "location": "request_lock.py:_await_cancelled", "message": "await_pulse_end", "data": {"task_done": true}, "timestamp": 1787306089606}
{"sessionId": "1c5371", "hypothesisId": "H2", "location": "request_lock.py:_await_cancelled", "message": "await_pulse_start", "data": {"task_done": true, "task_cancelled": true}, "timestamp": 1787306089607}
{"sessionId": "1c5371", "hypothesisId": "H2", "location": "request_lock.py:_await_cancelled", "message": "await_pulse_end", "data": {"task_done": true}, "timestamp": 1787306089607}
{"sessionId": "1c5371", "hypothesisId": "H1", "location": "controlled_client.py:_wait_graph_rpc", "message": "rpc_done", "data": {"cancelled": false, "exc": null, "cancel_set": false}, "timestamp": 1787306095405}
{"sessionId": "1c5371", "hypothesisId": "H2", "location": "request_lock.py:_await_cancelled", "message": "await_pulse_start", "data": {"task_done": false, "task_cancelled": false}, "timestamp": 1787306095405}
{"sessionId": "1c5371", "hypothesisId": "H2", "location": "request_lock.py:_await_cancelled", "message": "await_pulse_end", "data": {"task_done": true}, "timestamp": 1787306095406}
{"sessionId": "1c5371", "hypothesisId": "H2", "location": "request_lock.py:_await_cancelled", "message": "await_pulse_start", "data": {"task_done": true, "task_cancelled": true}, "timestamp": 1787306095406}
{"sessionId": "1c5371", "hypothesisId": "H2", "location": "request_lock.py:_await_cancelled", "message": "await_pulse_end", "data": {"task_done": true}, "timestamp": 1787306095406}
{"sessionId": "1c5371", "hypothesisId": "H2", "location": "request_lock.py:_await_cancelled", "message": "await_pulse_start", "data": {"task_done": true, "task_cancelled": true}, "timestamp": 1787306095406}
{"sessionId": "1c5371", "hypothesisId": "H2", "location": "request_lock.py:_await_cancelled", "message": "await_pulse_end", "data": {"task_done": true}, "timestamp": 1787306095407}
{"sessionId": "1c5371", "hypothesisId": "H2", "location": "request_lock.py:_await_cancelled", "message": "await_pulse_start", "data": {"task_done": true, "task_cancelled": true}, "timestamp": 1787306095407}
{"sessionId": "1c5371", "hypothesisId": "H2", "location": "request_lock.py:_await_cancelled", "message": "await_pulse_end", "data": {"task_done": true}, "timestamp": 1787306095407}
{"sessionId": "1c5371", "hypothesisId": "H1", "location": "controlled_client.py:_wait_graph_rpc", "message": "rpc_done", "data": {"cancelled": false, "exc": null, "cancel_set": false}, "timestamp": 1787306101387}
{"sessionId": "1c5371", "hypothesisId": "H2", "location": "request_lock.py:_await_cancelled", "message": "await_pulse_start", "data": {"task_done": false, "task_cancelled": false}, "timestamp": 1787306101388}
{"sessionId": "1c5371", "hypothesisId": "H2", "location": "request_lock.py:_await_cancelled", "message": "await_pulse_end", "data": {"task_done": true}, "timestamp": 1787306101388}
{"sessionId": "1c5371", "hypothesisId": "H2", "location": "request_lock.py:_await_cancelled", "message": "await_pulse_start", "data": {"task_done": true, "task_cancelled": true}, "timestamp": 1787306101389}
{"sessionId": "1c5371", "hypothesisId": "H2", "location": "request_lock.py:_await_cancelled", "message": "await_pulse_end", "data": {"task_done": true}, "timestamp": 1787306101389}
{"sessionId": "1c5371", "hypothesisId": "H2", "location": "request_lock.py:_await_cancelled", "message": "await_pulse_start", "data": {"task_done": true, "task_cancelled": true}, "timestamp": 1787306101389}
{"sessionId": "1c5371", "hypothesisId": "H2", "location": "request_lock.py:_await_cancelled", "message": "await_pulse_end", "data": {"task_done": true}, "timestamp": 1787306101389}
{"sessionId": "1c5371", "hypothesisId": "H2", "location": "request_lock.py:_await_cancelled", "message": "await_pulse_start", "data": {"task_done": true, "task_cancelled": true}, "timestamp": 1787306101390}
{"sessionId": "1c5371", "hypothesisId": "H2", "location": "request_lock.py:_await_cancelled", "message": "await_pulse_end", "data": {"task_done": true}, "timestamp": 1787306101390}
{"sessionId": "1c5371", "hypothesisId": "H1", "location": "controlled_client.py:_wait_graph_rpc", "message": "rpc_done", "data": {"cancelled": false, "exc": null, "cancel_set": false}, "timestamp": 1787306107604}
{"sessionId": "1c5371", "hypothesisId": "H2", "location": "request_lock.py:_await_cancelled", "message": "await_pulse_start", "data": {"task_done": false, "task_cancelled": false}, "timestamp": 1787306107604}
{"sessionId": "1c5371", "hypothesisId": "H2", "location": "request_lock.py:_await_cancelled", "message": "await_pulse_end", "data": {"task_done": true}, "timestamp": 1787306107605}
{"sessionId": "1c5371", "hypothesisId": "H2", "location": "request_lock.py:_await_cancelled", "message": "await_pulse_start", "data": {"task_done": true, "task_cancelled": true}, "timestamp": 1787306107605}
{"sessionId": "1c5371", "hypothesisId": "H2", "location": "request_lock.py:_await_cancelled", "message": "await_pulse_end", "data": {"task_done": true}, "timestamp": 1787306107606}
{"sessionId": "1c5371", "hypothesisId": "H2", "location": "request_lock.py:_await_cancelled", "message": "await_pulse_start", "data": {"task_done": true, "task_cancelled": true}, "timestamp": 1787306107606}
{"sessionId": "1c5371", "hypothesisId": "H2", "location": "request_lock.py:_await_cancelled", "message": "await_pulse_end", "data": {"task_done": true}, "timestamp": 1787306107606}
{"sessionId": "1c5371", "hypothesisId": "H2", "location": "request_lock.py:_await_cancelled", "message": "await_pulse_start", "data": {"task_done": true, "task_cancelled": true}, "timestamp": 1787306107606}
{"sessionId": "1c5371", "hypothesisId": "H2", "location": "request_lock.py:_await_cancelled", "message": "await_pulse_end", "data": {"task_done": true}, "timestamp": 1787306107607}
{"sessionId": "1c5371", "hypothesisId": "H1", "location": "controlled_client.py:_wait_graph_rpc", "message": "rpc_done", "data": {"cancelled": false, "exc": null, "cancel_set": false}, "timestamp": 1787306113647}
{"sessionId": "1c5371", "hypothesisId": "H2", "location": "request_lock.py:_await_cancelled", "message": "await_pulse_start", "data": {"task_done": false, "task_cancelled": false}, "timestamp": 1787306113647}
{"sessionId": "1c5371", "hypothesisId": "H2", "location": "request_lock.py:_await_cancelled", "message": "await_pulse_end", "data": {"task_done": true}, "timestamp": 1787306113647}
{"sessionId": "1c5371", "hypothesisId": "H2", "location": "request_lock.py:_await_cancelled", "message": "await_pulse_start", "data": {"task_done": true, "task_cancelled": true}, "timestamp": 1787306113648}
{"sessionId": "1c5371", "hypothesisId": "H2", "location": "request_lock.py:_await_cancelled", "message": "await_pulse_end", "data": {"task_done": true}, "timestamp": 1787306113648}
{"sessionId": "1c5371", "hypothesisId": "H2", "location": "request_lock.py:_await_cancelled", "message": "await_pulse_start", "data": {"task_done": true, "task_cancelled": true}, "timestamp": 1787306113649}
{"sessionId": "1c5371", "hypothesisId": "H2", "location": "request_lock.py:_await_cancelled", "message": "await_pulse_end", "data": {"task_done": true}, "timestamp": 1787306113649}
{"sessionId": "1c5371", "hypothesisId": "H2", "location": "request_lock.py:_await_cancelled", "message": "await_pulse_start", "data": {"task_done": true, "task_cancelled": true}, "timestamp": 1787306113649}
{"sessionId": "1c5371", "hypothesisId": "H2", "location": "request_lock.py:_await_cancelled", "message": "await_pulse_end", "data": {"task_done": true}, "timestamp": 1787306113650}
{"sessionId": "1c5371", "hypothesisId": "H1", "location": "controlled_client.py:_wait_graph_rpc", "message": "rpc_done", "data": {"cancelled": false, "exc": null, "cancel_set": false}, "timestamp": 1787306119667}
{"sessionId": "1c5371", "hypothesisId": "H2", "location": "request_lock.py:_await_cancelled", "message": "await_pulse_start", "data": {"task_done": false, "task_cancelled": false}, "timestamp": 1787306119668}
{"sessionId": "1c5371", "hypothesisId": "H2", "location": "request_lock.py:_await_cancelled", "message": "await_pulse_end", "data": {"task_done": true}, "timestamp": 1787306119668}
{"sessionId": "1c5371", "hypothesisId": "H2", "location": "request_lock.py:_await_cancelled", "message": "await_pulse_start", "data": {"task_done": true, "task_cancelled": true}, "timestamp": 1787306119668}
{"sessionId": "1c5371", "hypothesisId": "H2", "location": "request_lock.py:_await_cancelled", "message": "await_pulse_end", "data": {"task_done": true}, "timestamp": 1787306119669}
{"sessionId": "1c5371", "hypothesisId": "H2", "location": "request_lock.py:_await_cancelled", "message": "await_pulse_start", "data": {"task_done": true, "task_cancelled": true}, "timestamp": 1787306119669}
{"sessionId": "1c5371", "hypothesisId": "H2", "location": "request_lock.py:_await_cancelled", "message": "await_pulse_end", "data": {"task_done": true}, "timestamp": 1787306119669}
{"sessionId": "1c5371", "hypothesisId": "H2", "location": "request_lock.py:_await_cancelled", "message": "await_pulse_start", "data": {"task_done": true, "task_cancelled": true}, "timestamp": 1787306119670}
{"sessionId": "1c5371", "hypothesisId": "H2", "location": "request_lock.py:_await_cancelled", "message": "await_pulse_end", "data": {"task_done": true}, "timestamp": 1787306119672}
{"sessionId": "1c5371", "hypothesisId": "H1", "location": "controlled_client.py:_wait_graph_rpc", "message": "rpc_done", "data": {"cancelled": false, "exc": null, "cancel_set": false}, "timestamp": 1787306125779}
{"sessionId": "1c5371", "hypothesisId": "H2", "location": "request_lock.py:_await_cancelled", "message": "await_pulse_start", "data": {"task_done": false, "task_cancelled": false}, "timestamp": 1787306125780}
{"sessionId": "1c5371", "hypothesisId": "H2", "location": "request_lock.py:_await_cancelled", "message": "await_pulse_end", "data": {"task_done": true}, "timestamp": 1787306125780}
{"sessionId": "1c5371", "hypothesisId": "H2", "location": "request_lock.py:_await_cancelled", "message": "await_pulse_start", "data": {"task_done": true, "task_cancelled": true}, "timestamp": 1787306125781}
{"sessionId": "1c5371", "hypothesisId": "H2", "location": "request_lock.py:_await_cancelled", "message": "await_pulse_end", "data": {"task_done": true}, "timestamp": 1787306125781}
{"sessionId": "1c5371", "hypothesisId": "H2", "location": "request_lock.py:_await_cancelled", "message": "await_pulse_start", "data": {"task_done": true, "task_cancelled": true}, "timestamp": 1787306125781}
{"sessionId": "1c5371", "hypothesisId": "H2", "location": "request_lock.py:_await_cancelled", "message": "await_pulse_end", "data": {"task_done": true}, "timestamp": 1787306125782}
{"sessionId": "1c5371", "hypothesisId": "H2", "location": "request_lock.py:_await_cancelled", "message": "await_pulse_start", "data": {"task_done": true, "task_cancelled": true}, "timestamp": 1787306125782}
{"sessionId": "1c5371", "hypothesisId": "H2", "location": "request_lock.py:_await_cancelled", "message": "await_pulse_end", "data": {"task_done": true}, "timestamp": 1787306125782}
{"sessionId": "1c5371", "hypothesisId": "H1", "location": "controlled_client.py:_wait_graph_rpc", "message": "rpc_done", "data": {"cancelled": false, "exc": null, "cancel_set": false}, "timestamp": 1787306131708}
{"sessionId": "1c5371", "hypothesisId": "H2", "location": "request_lock.py:_await_cancelled", "message": "await_pulse_start", "data": {"task_done": false, "task_cancelled": false}, "timestamp": 1787306131709}
{"sessionId": "1c5371", "hypothesisId": "H2", "location": "request_lock.py:_await_cancelled", "message": "await_pulse_end", "data": {"task_done": true}, "timestamp": 1787306131710}
{"sessionId": "1c5371", "hypothesisId": "H2", "location": "request_lock.py:_await_cancelled", "message": "await_pulse_start", "data": {"task_done": true, "task_cancelled": true}, "timestamp": 1787306131710}
{"sessionId": "1c5371", "hypothesisId": "H2", "location": "request_lock.py:_await_cancelled", "message": "await_pulse_end", "data": {"task_done": true}, "timestamp": 1787306131711}
{"sessionId": "1c5371", "hypothesisId": "H2", "location": "request_lock.py:_await_cancelled", "message": "await_pulse_start", "data": {"task_done": true, "task_cancelled": true}, "timestamp": 1787306131711}
{"sessionId": "1c5371", "hypothesisId": "H2", "location": "request_lock.py:_await_cancelled", "message": "await_pulse_end", "data": {"task_done": true}, "timestamp": 1787306131711}
{"sessionId": "1c5371", "hypothesisId": "H2", "location": "request_lock.py:_await_cancelled", "message": "await_pulse_start", "data": {"task_done": true, "task_cancelled": true}, "timestamp": 1787306131711}
{"sessionId": "1c5371", "hypothesisId": "H2", "location": "request_lock.py:_await_cancelled", "message": "await_pulse_end", "data": {"task_done": true}, "timestamp": 1787306131712}
{"sessionId": "1c5371", "hypothesisId": "H1", "location": "controlled_client.py:_wait_graph_rpc", "message": "rpc_done", "data": {"cancelled": false, "exc": null, "cancel_set": false}, "timestamp": 1787306141818}
{"sessionId": "1c5371", "hypothesisId": "H2", "location": "request_lock.py:_await_cancelled", "message": "await_pulse_start", "data": {"task_done": false, "task_cancelled": false}, "timestamp": 1787306141819}
{"sessionId": "1c5371", "hypothesisId": "H2", "location": "request_lock.py:_await_cancelled", "message": "await_pulse_end", "data": {"task_done": true}, "timestamp": 1787306141823}
{"sessionId": "1c5371", "hypothesisId": "H2", "location": "request_lock.py:_await_cancelled", "message": "await_pulse_start", "data": {"task_done": true, "task_cancelled": true}, "timestamp": 1787306141823}
{"sessionId": "1c5371", "hypothesisId": "H2", "location": "request_lock.py:_await_cancelled", "message": "await_pulse_end", "data": {"task_done": true}, "timestamp": 1787306141823}
{"sessionId": "1c5371", "hypothesisId": "H2", "location": "request_lock.py:_await_cancelled", "message": "await_pulse_start", "data": {"task_done": true, "task_cancelled": true}, "timestamp": 1787306141823}
{"sessionId": "1c5371", "hypothesisId": "H2", "location": "request_lock.py:_await_cancelled", "message": "await_pulse_end", "data": {"task_done": true}, "timestamp": 1787306141824}
{"sessionId": "1c5371", "hypothesisId": "H2", "location": "request_lock.py:_await_cancelled", "message": "await_pulse_start", "data": {"task_done": true, "task_cancelled": true}, "timestamp": 1787306141824}
{"sessionId": "1c5371", "hypothesisId": "H2", "location": "request_lock.py:_await_cancelled", "message": "await_pulse_end", "data": {"task_done": true}, "timestamp": 1787306141824}
{"sessionId": "1c5371", "hypothesisId": "H1", "location": "controlled_client.py:_wait_graph_rpc", "message": "rpc_done", "data": {"cancelled": false, "exc": "UsernameNotOccupiedError", "cancel_set": false}, "timestamp": 1787306160496}
{"sessionId": "1c5371", "hypothesisId": "H2", "location": "request_lock.py:_await_cancelled", "message": "await_pulse_start", "data": {"task_done": false, "task_cancelled": false}, "timestamp": 1787306160497}
{"sessionId": "1c5371", "hypothesisId": "H2", "location": "request_lock.py:_await_cancelled", "message": "await_pulse_end", "data": {"task_done": true}, "timestamp": 1787306160499}
{"sessionId": "1c5371", "hypothesisId": "H2", "location": "request_lock.py:_await_cancelled", "message": "await_pulse_start", "data": {"task_done": true, "task_cancelled": true}, "timestamp": 1787306160500}
{"sessionId": "1c5371", "hypothesisId": "H2", "location": "request_lock.py:_await_cancelled", "message": "await_pulse_end", "data": {"task_done": true}, "timestamp": 1787306160500}
{"sessionId": "1c5371", "hypothesisId": "H2", "location": "request_lock.py:_await_cancelled", "message": "await_pulse_start", "data": {"task_done": true, "task_cancelled": true}, "timestamp": 1787306160502}
{"sessionId": "1c5371", "hypothesisId": "H2", "location": "request_lock.py:_await_cancelled", "message": "await_pulse_end", "data": {"task_done": true}, "timestamp": 1787306160504}
{"sessionId": "1c5371", "hypothesisId": "H2", "location": "request_lock.py:_await_cancelled", "message": "await_pulse_start", "data": {"task_done": true, "task_cancelled": true}, "timestamp": 1787306160505}
{"sessionId": "1c5371", "hypothesisId": "H2", "location": "request_lock.py:_await_cancelled", "message": "await_pulse_end", "data": {"task_done": true}, "timestamp": 1787306160506}
{"sessionId": "1c5371", "hypothesisId": "H3", "location": "error_mapping.py:_map_telethon_error", "message": "mapped_inaccessible", "data": {"exc": "UsernameNotOccupiedError"}, "timestamp": 1787306160507, "runId": "post-fix"}
{"sessionId": "1c5371", "hypothesisId": "H1", "location": "controlled_client.py:_wait_graph_rpc", "message": "rpc_done", "data": {"cancelled": false, "exc": null, "cancel_set": false}, "timestamp": 1787306160699}
{"sessionId": "1c5371", "hypothesisId": "H2", "location": "request_lock.py:_await_cancelled", "message": "await_pulse_start", "data": {"task_done": false, "task_cancelled": false}, "timestamp": 1787306160701}
{"sessionId": "1c5371", "hypothesisId": "H2", "location": "request_lock.py:_await_cancelled", "message": "await_pulse_end", "data": {"task_done": true}, "timestamp": 1787306160702}
{"sessionId": "1c5371", "hypothesisId": "H2", "location": "request_lock.py:_await_cancelled", "message": "await_pulse_start", "data": {"task_done": true, "task_cancelled": true}, "timestamp": 1787306160704}
{"sessionId": "1c5371", "hypothesisId": "H2", "location": "request_lock.py:_await_cancelled", "message": "await_pulse_end", "data": {"task_done": true}, "timestamp": 1787306160705}
{"sessionId": "1c5371", "hypothesisId": "H2", "location": "request_lock.py:_await_cancelled", "message": "await_pulse_start", "data": {"task_done": true, "task_cancelled": true}, "timestamp": 1787306160707}
{"sessionId": "1c5371", "hypothesisId": "H2", "location": "request_lock.py:_await_cancelled", "message": "await_pulse_end", "data": {"task_done": true}, "timestamp": 1787306160708}
{"sessionId": "1c5371", "hypothesisId": "H2", "location": "request_lock.py:_await_cancelled", "message": "await_pulse_start", "data": {"task_done": true, "task_cancelled": true}, "timestamp": 1787306160710}
{"sessionId": "1c5371", "hypothesisId": "H2", "location": "request_lock.py:_await_cancelled", "message": "await_pulse_end", "data": {"task_done": true}, "timestamp": 1787306160710}
{"sessionId": "1c5371", "hypothesisId": "H1", "location": "controlled_client.py:_wait_graph_rpc", "message": "rpc_done", "data": {"cancelled": false, "exc": null, "cancel_set": false}, "timestamp": 1787306166702}
{"sessionId": "1c5371", "hypothesisId": "H2", "location": "request_lock.py:_await_cancelled", "message": "await_pulse_start", "data": {"task_done": false, "task_cancelled": false}, "timestamp": 1787306166703}
{"sessionId": "1c5371", "hypothesisId": "H2", "location": "request_lock.py:_await_cancelled", "message": "await_pulse_end", "data": {"task_done": true}, "timestamp": 1787306166703}
{"sessionId": "1c5371", "hypothesisId": "H2", "location": "request_lock.py:_await_cancelled", "message": "await_pulse_start", "data": {"task_done": true, "task_cancelled": true}, "timestamp": 1787306166703}
{"sessionId": "1c5371", "hypothesisId": "H2", "location": "request_lock.py:_await_cancelled", "message": "await_pulse_end", "data": {"task_done": true}, "timestamp": 1787306166704}
{"sessionId": "1c5371", "hypothesisId": "H2", "location": "request_lock.py:_await_cancelled", "message": "await_pulse_start", "data": {"task_done": true, "task_cancelled": true}, "timestamp": 1787306166705}
{"sessionId": "1c5371", "hypothesisId": "H2", "location": "request_lock.py:_await_cancelled", "message": "await_pulse_end", "data": {"task_done": true}, "timestamp": 1787306166705}
{"sessionId": "1c5371", "hypothesisId": "H2", "location": "request_lock.py:_await_cancelled", "message": "await_pulse_start", "data": {"task_done": true, "task_cancelled": true}, "timestamp": 1787306166706}
{"sessionId": "1c5371", "hypothesisId": "H2", "location": "request_lock.py:_await_cancelled", "message": "await_pulse_end", "data": {"task_done": true}, "timestamp": 1787306166706}
{"sessionId": "1c5371", "hypothesisId": "H1", "location": "controlled_client.py:_wait_graph_rpc", "message": "rpc_done", "data": {"cancelled": false, "exc": null, "cancel_set": false}, "timestamp": 1787306172800}
{"sessionId": "1c5371", "hypothesisId": "H2", "location": "request_lock.py:_await_cancelled", "message": "await_pulse_start", "data": {"task_done": false, "task_cancelled": false}, "timestamp": 1787306172816}
{"sessionId": "1c5371", "hypothesisId": "H2", "location": "request_lock.py:_await_cancelled", "message": "await_pulse_end", "data": {"task_done": true}, "timestamp": 1787306172817}
{"sessionId": "1c5371", "hypothesisId": "H2", "location": "request_lock.py:_await_cancelled", "message": "await_pulse_start", "data": {"task_done": true, "task_cancelled": true}, "timestamp": 1787306172818}
{"sessionId": "1c5371", "hypothesisId": "H2", "location": "request_lock.py:_await_cancelled", "message": "await_pulse_end", "data": {"task_done": true}, "timestamp": 1787306172818}
{"sessionId": "1c5371", "hypothesisId": "H2", "location": "request_lock.py:_await_cancelled", "message": "await_pulse_start", "data": {"task_done": true, "task_cancelled": true}, "timestamp": 1787306172819}
{"sessionId": "1c5371", "hypothesisId": "H2", "location": "request_lock.py:_await_cancelled", "message": "await_pulse_end", "data": {"task_done": true}, "timestamp": 1787306172820}
{"sessionId": "1c5371", "hypothesisId": "H2", "location": "request_lock.py:_await_cancelled", "message": "await_pulse_start", "data": {"task_done": true, "task_cancelled": true}, "timestamp": 1787306172820}
{"sessionId": "1c5371", "hypothesisId": "H2", "location": "request_lock.py:_await_cancelled", "message": "await_pulse_end", "data": {"task_done": true}, "timestamp": 1787306172821}
{"sessionId": "1c5371", "hypothesisId": "H1", "location": "controlled_client.py:_wait_graph_rpc", "message": "rpc_done", "data": {"cancelled": false, "exc": null, "cancel_set": false}, "timestamp": 1787306178709}
{"sessionId": "1c5371", "hypothesisId": "H2", "location": "request_lock.py:_await_cancelled", "message": "await_pulse_start", "data": {"task_done": false, "task_cancelled": false}, "timestamp": 1787306178709}
{"sessionId": "1c5371", "hypothesisId": "H2", "location": "request_lock.py:_await_cancelled", "message": "await_pulse_end", "data": {"task_done": true}, "timestamp": 1787306178710}
{"sessionId": "1c5371", "hypothesisId": "H2", "location": "request_lock.py:_await_cancelled", "message": "await_pulse_start", "data": {"task_done": true, "task_cancelled": true}, "timestamp": 1787306178710}
{"sessionId": "1c5371", "hypothesisId": "H2", "location": "request_lock.py:_await_cancelled", "message": "await_pulse_end", "data": {"task_done": true}, "timestamp": 1787306178711}
{"sessionId": "1c5371", "hypothesisId": "H2", "location": "request_lock.py:_await_cancelled", "message": "await_pulse_start", "data": {"task_done": true, "task_cancelled": true}, "timestamp": 1787306178712}
{"sessionId": "1c5371", "hypothesisId": "H2", "location": "request_lock.py:_await_cancelled", "message": "await_pulse_end", "data": {"task_done": true}, "timestamp": 1787306178712}
{"sessionId": "1c5371", "hypothesisId": "H2", "location": "request_lock.py:_await_cancelled", "message": "await_pulse_start", "data": {"task_done": true, "task_cancelled": true}, "timestamp": 1787306178712}
{"sessionId": "1c5371", "hypothesisId": "H2", "location": "request_lock.py:_await_cancelled", "message": "await_pulse_end", "data": {"task_done": true}, "timestamp": 1787306178712}
{"sessionId": "1c5371", "hypothesisId": "H1", "location": "controlled_client.py:_wait_graph_rpc", "message": "rpc_done", "data": {"cancelled": false, "exc": null, "cancel_set": false}, "timestamp": 1787306184882}
{"sessionId": "1c5371", "hypothesisId": "H2", "location": "request_lock.py:_await_cancelled", "message": "await_pulse_start", "data": {"task_done": false, "task_cancelled": false}, "timestamp": 1787306184882}
{"sessionId": "1c5371", "hypothesisId": "H2", "location": "request_lock.py:_await_cancelled", "message": "await_pulse_end", "data": {"task_done": true}, "timestamp": 1787306184883}
{"sessionId": "1c5371", "hypothesisId": "H2", "location": "request_lock.py:_await_cancelled", "message": "await_pulse_start", "data": {"task_done": true, "task_cancelled": true}, "timestamp": 1787306184883}
{"sessionId": "1c5371", "hypothesisId": "H2", "location": "request_lock.py:_await_cancelled", "message": "await_pulse_end", "data": {"task_done": true}, "timestamp": 1787306184884}
{"sessionId": "1c5371", "hypothesisId": "H2", "location": "request_lock.py:_await_cancelled", "message": "await_pulse_start", "data": {"task_done": true, "task_cancelled": true}, "timestamp": 1787306184884}
{"sessionId": "1c5371", "hypothesisId": "H2", "location": "request_lock.py:_await_cancelled", "message": "await_pulse_end", "data": {"task_done": true}, "timestamp": 1787306184885}
{"sessionId": "1c5371", "hypothesisId": "H2", "location": "request_lock.py:_await_cancelled", "message": "await_pulse_start", "data": {"task_done": true, "task_cancelled": true}, "timestamp": 1787306184885}
{"sessionId": "1c5371", "hypothesisId": "H2", "location": "request_lock.py:_await_cancelled", "message": "await_pulse_end", "data": {"task_done": true}, "timestamp": 1787306184885}
{"sessionId": "1c5371", "hypothesisId": "H1", "location": "controlled_client.py:_wait_graph_rpc", "message": "rpc_done", "data": {"cancelled": false, "exc": null, "cancel_set": false}, "timestamp": 1787306190942}
{"sessionId": "1c5371", "hypothesisId": "H2", "location": "request_lock.py:_await_cancelled", "message": "await_pulse_start", "data": {"task_done": false, "task_cancelled": false}, "timestamp": 1787306190942}
{"sessionId": "1c5371", "hypothesisId": "H2", "location": "request_lock.py:_await_cancelled", "message": "await_pulse_end", "data": {"task_done": true}, "timestamp": 1787306190943}
{"sessionId": "1c5371", "hypothesisId": "H2", "location": "request_lock.py:_await_cancelled", "message": "await_pulse_start", "data": {"task_done": true, "task_cancelled": true}, "timestamp": 1787306190943}
{"sessionId": "1c5371", "hypothesisId": "H2", "location": "request_lock.py:_await_cancelled", "message": "await_pulse_end", "data": {"task_done": true}, "timestamp": 1787306190943}
{"sessionId": "1c5371", "hypothesisId": "H2", "location": "request_lock.py:_await_cancelled", "message": "await_pulse_start", "data": {"task_done": true, "task_cancelled": true}, "timestamp": 1787306190944}
{"sessionId": "1c5371", "hypothesisId": "H2", "location": "request_lock.py:_await_cancelled", "message": "await_pulse_end", "data": {"task_done": true}, "timestamp": 1787306190944}
{"sessionId": "1c5371", "hypothesisId": "H2", "location": "request_lock.py:_await_cancelled", "message": "await_pulse_start", "data": {"task_done": true, "task_cancelled": true}, "timestamp": 1787306190945}
{"sessionId": "1c5371", "hypothesisId": "H2", "location": "request_lock.py:_await_cancelled", "message": "await_pulse_end", "data": {"task_done": true}, "timestamp": 1787306190945}
{"sessionId": "1c5371", "hypothesisId": "H1", "location": "controlled_client.py:_wait_graph_rpc", "message": "rpc_done", "data": {"cancelled": false, "exc": null, "cancel_set": false}, "timestamp": 1787306196746}
{"sessionId": "1c5371", "hypothesisId": "H2", "location": "request_lock.py:_await_cancelled", "message": "await_pulse_start", "data": {"task_done": false, "task_cancelled": false}, "timestamp": 1787306196749}
{"sessionId": "1c5371", "hypothesisId": "H2", "location": "request_lock.py:_await_cancelled", "message": "await_pulse_end", "data": {"task_done": true}, "timestamp": 1787306196750}
{"sessionId": "1c5371", "hypothesisId": "H2", "location": "request_lock.py:_await_cancelled", "message": "await_pulse_start", "data": {"task_done": true, "task_cancelled": true}, "timestamp": 1787306196751}
{"sessionId": "1c5371", "hypothesisId": "H2", "location": "request_lock.py:_await_cancelled", "message": "await_pulse_end", "data": {"task_done": true}, "timestamp": 1787306196752}
{"sessionId": "1c5371", "hypothesisId": "H2", "location": "request_lock.py:_await_cancelled", "message": "await_pulse_start", "data": {"task_done": true, "task_cancelled": true}, "timestamp": 1787306196753}
{"sessionId": "1c5371", "hypothesisId": "H2", "location": "request_lock.py:_await_cancelled", "message": "await_pulse_end", "data": {"task_done": true}, "timestamp": 1787306196753}
{"sessionId": "1c5371", "hypothesisId": "H2", "location": "request_lock.py:_await_cancelled", "message": "await_pulse_start", "data": {"task_done": true, "task_cancelled": true}, "timestamp": 1787306196754}
{"sessionId": "1c5371", "hypothesisId": "H2", "location": "request_lock.py:_await_cancelled", "message": "await_pulse_end", "data": {"task_done": true}, "timestamp": 1787306196756}
{"sessionId": "1c5371", "hypothesisId": "H1", "location": "controlled_client.py:_wait_graph_rpc", "message": "rpc_done", "data": {"cancelled": false, "exc": null, "cancel_set": false}, "timestamp": 1787306202732}
{"sessionId": "1c5371", "hypothesisId": "H2", "location": "request_lock.py:_await_cancelled", "message": "await_pulse_start", "data": {"task_done": false, "task_cancelled": false}, "timestamp": 1787306202732}
{"sessionId": "1c5371", "hypothesisId": "H2", "location": "request_lock.py:_await_cancelled", "message": "await_pulse_end", "data": {"task_done": true}, "timestamp": 1787306202733}
{"sessionId": "1c5371", "hypothesisId": "H2", "location": "request_lock.py:_await_cancelled", "message": "await_pulse_start", "data": {"task_done": true, "task_cancelled": true}, "timestamp": 1787306202733}
{"sessionId": "1c5371", "hypothesisId": "H2", "location": "request_lock.py:_await_cancelled", "message": "await_pulse_end", "data": {"task_done": true}, "timestamp": 1787306202734}
{"sessionId": "1c5371", "hypothesisId": "H2", "location": "request_lock.py:_await_cancelled", "message": "await_pulse_start", "data": {"task_done": true, "task_cancelled": true}, "timestamp": 1787306202734}
{"sessionId": "1c5371", "hypothesisId": "H2", "location": "request_lock.py:_await_cancelled", "message": "await_pulse_end", "data": {"task_done": true}, "timestamp": 1787306202735}
{"sessionId": "1c5371", "hypothesisId": "H2", "location": "request_lock.py:_await_cancelled", "message": "await_pulse_start", "data": {"task_done": true, "task_cancelled": true}, "timestamp": 1787306202735}
{"sessionId": "1c5371", "hypothesisId": "H2", "location": "request_lock.py:_await_cancelled", "message": "await_pulse_end", "data": {"task_done": true}, "timestamp": 1787306202735}
{"sessionId": "1c5371", "hypothesisId": "H1", "location": "controlled_client.py:_wait_graph_rpc", "message": "rpc_done", "data": {"cancelled": false, "exc": null, "cancel_set": false}, "timestamp": 1787306208723}
{"sessionId": "1c5371", "hypothesisId": "H2", "location": "request_lock.py:_await_cancelled", "message": "await_pulse_start", "data": {"task_done": false, "task_cancelled": false}, "timestamp": 1787306208731}
{"sessionId": "1c5371", "hypothesisId": "H2", "location": "request_lock.py:_await_cancelled", "message": "await_pulse_end", "data": {"task_done": true}, "timestamp": 1787306208732}
{"sessionId": "1c5371", "hypothesisId": "H2", "location": "request_lock.py:_await_cancelled", "message": "await_pulse_start", "data": {"task_done": true, "task_cancelled": true}, "timestamp": 1787306208733}
{"sessionId": "1c5371", "hypothesisId": "H2", "location": "request_lock.py:_await_cancelled", "message": "await_pulse_end", "data": {"task_done": true}, "timestamp": 1787306208734}
{"sessionId": "1c5371", "hypothesisId": "H2", "location": "request_lock.py:_await_cancelled", "message": "await_pulse_start", "data": {"task_done": true, "task_cancelled": true}, "timestamp": 1787306208734}
{"sessionId": "1c5371", "hypothesisId": "H2", "location": "request_lock.py:_await_cancelled", "message": "await_pulse_end", "data": {"task_done": true}, "timestamp": 1787306208735}
{"sessionId": "1c5371", "hypothesisId": "H2", "location": "request_lock.py:_await_cancelled", "message": "await_pulse_start", "data": {"task_done": true, "task_cancelled": true}, "timestamp": 1787306208735}
{"sessionId": "1c5371", "hypothesisId": "H2", "location": "request_lock.py:_await_cancelled", "message": "await_pulse_end", "data": {"task_done": true}, "timestamp": 1787306208735}
{"sessionId": "1c5371", "hypothesisId": "H1", "location": "controlled_client.py:_wait_graph_rpc", "message": "rpc_done", "data": {"cancelled": false, "exc": null, "cancel_set": false}, "timestamp": 1787306214804}
{"sessionId": "1c5371", "hypothesisId": "H2", "location": "request_lock.py:_await_cancelled", "message": "await_pulse_start", "data": {"task_done": false, "task_cancelled": false}, "timestamp": 1787306214804}
{"sessionId": "1c5371", "hypothesisId": "H2", "location": "request_lock.py:_await_cancelled", "message": "await_pulse_end", "data": {"task_done": true}, "timestamp": 1787306214805}
{"sessionId": "1c5371", "hypothesisId": "H2", "location": "request_lock.py:_await_cancelled", "message": "await_pulse_start", "data": {"task_done": true, "task_cancelled": true}, "timestamp": 1787306214805}
{"sessionId": "1c5371", "hypothesisId": "H2", "location": "request_lock.py:_await_cancelled", "message": "await_pulse_end", "data": {"task_done": true}, "timestamp": 1787306214805}
{"sessionId": "1c5371", "hypothesisId": "H2", "location": "request_lock.py:_await_cancelled", "message": "await_pulse_start", "data": {"task_done": true, "task_cancelled": true}, "timestamp": 1787306214806}
{"sessionId": "1c5371", "hypothesisId": "H2", "location": "request_lock.py:_await_cancelled", "message": "await_pulse_end", "data": {"task_done": true}, "timestamp": 1787306214806}
{"sessionId": "1c5371", "hypothesisId": "H2", "location": "request_lock.py:_await_cancelled", "message": "await_pulse_start", "data": {"task_done": true, "task_cancelled": true}, "timestamp": 1787306214819}
{"sessionId": "1c5371", "hypothesisId": "H2", "location": "request_lock.py:_await_cancelled", "message": "await_pulse_end", "data": {"task_done": true}, "timestamp": 1787306214820}
{"sessionId": "1c5371", "hypothesisId": "H1", "location": "controlled_client.py:_wait_graph_rpc", "message": "rpc_done", "data": {"cancelled": false, "exc": null, "cancel_set": false}, "timestamp": 1787306220768}
{"sessionId": "1c5371", "hypothesisId": "H2", "location": "request_lock.py:_await_cancelled", "message": "await_pulse_start", "data": {"task_done": false, "task_cancelled": false}, "timestamp": 1787306220768}
{"sessionId": "1c5371", "hypothesisId": "H2", "location": "request_lock.py:_await_cancelled", "message": "await_pulse_end", "data": {"task_done": true}, "timestamp": 1787306220768}
{"sessionId": "1c5371", "hypothesisId": "H2", "location": "request_lock.py:_await_cancelled", "message": "await_pulse_start", "data": {"task_done": true, "task_cancelled": true}, "timestamp": 1787306220769}
{"sessionId": "1c5371", "hypothesisId": "H2", "location": "request_lock.py:_await_cancelled", "message": "await_pulse_end", "data": {"task_done": true}, "timestamp": 1787306220770}
{"sessionId": "1c5371", "hypothesisId": "H2", "location": "request_lock.py:_await_cancelled", "message": "await_pulse_start", "data": {"task_done": true, "task_cancelled": true}, "timestamp": 1787306220770}
{"sessionId": "1c5371", "hypothesisId": "H2", "location": "request_lock.py:_await_cancelled", "message": "await_pulse_end", "data": {"task_done": true}, "timestamp": 1787306220770}
{"sessionId": "1c5371", "hypothesisId": "H2", "location": "request_lock.py:_await_cancelled", "message": "await_pulse_start", "data": {"task_done": true, "task_cancelled": true}, "timestamp": 1787306220771}
{"sessionId": "1c5371", "hypothesisId": "H2", "location": "request_lock.py:_await_cancelled", "message": "await_pulse_end", "data": {"task_done": true}, "timestamp": 1787306220771}
{"sessionId": "1c5371", "hypothesisId": "H1", "location": "controlled_client.py:_wait_graph_rpc", "message": "rpc_done", "data": {"cancelled": false, "exc": null, "cancel_set": false}, "timestamp": 1787306226792}
{"sessionId": "1c5371", "hypothesisId": "H2", "location": "request_lock.py:_await_cancelled", "message": "await_pulse_start", "data": {"task_done": false, "task_cancelled": false}, "timestamp": 1787306226794}
{"sessionId": "1c5371", "hypothesisId": "H2", "location": "request_lock.py:_await_cancelled", "message": "await_pulse_end", "data": {"task_done": true}, "timestamp": 1787306226794}
{"sessionId": "1c5371", "hypothesisId": "H2", "location": "request_lock.py:_await_cancelled", "message": "await_pulse_start", "data": {"task_done": true, "task_cancelled": true}, "timestamp": 1787306226795}
{"sessionId": "1c5371", "hypothesisId": "H2", "location": "request_lock.py:_await_cancelled", "message": "await_pulse_end", "data": {"task_done": true}, "timestamp": 1787306226795}
{"sessionId": "1c5371", "hypothesisId": "H2", "location": "request_lock.py:_await_cancelled", "message": "await_pulse_start", "data": {"task_done": true, "task_cancelled": true}, "timestamp": 1787306226796}
{"sessionId": "1c5371", "hypothesisId": "H2", "location": "request_lock.py:_await_cancelled", "message": "await_pulse_end", "data": {"task_done": true}, "timestamp": 1787306226797}
{"sessionId": "1c5371", "hypothesisId": "H2", "location": "request_lock.py:_await_cancelled", "message": "await_pulse_start", "data": {"task_done": true, "task_cancelled": true}, "timestamp": 1787306226797}
{"sessionId": "1c5371", "hypothesisId": "H2", "location": "request_lock.py:_await_cancelled", "message": "await_pulse_end", "data": {"task_done": true}, "timestamp": 1787306226797}
{"sessionId": "1c5371", "hypothesisId": "H1", "location": "controlled_client.py:_wait_graph_rpc", "message": "rpc_done", "data": {"cancelled": false, "exc": null, "cancel_set": false}, "timestamp": 1787306232846}
{"sessionId": "1c5371", "hypothesisId": "H2", "location": "request_lock.py:_await_cancelled", "message": "await_pulse_start", "data": {"task_done": false, "task_cancelled": false}, "timestamp": 1787306232847}
{"sessionId": "1c5371", "hypothesisId": "H2", "location": "request_lock.py:_await_cancelled", "message": "await_pulse_end", "data": {"task_done": true}, "timestamp": 1787306232847}
{"sessionId": "1c5371", "hypothesisId": "H2", "location": "request_lock.py:_await_cancelled", "message": "await_pulse_start", "data": {"task_done": true, "task_cancelled": true}, "timestamp": 1787306232847}
{"sessionId": "1c5371", "hypothesisId": "H2", "location": "request_lock.py:_await_cancelled", "message": "await_pulse_end", "data": {"task_done": true}, "timestamp": 1787306232848}
{"sessionId": "1c5371", "hypothesisId": "H2", "location": "request_lock.py:_await_cancelled", "message": "await_pulse_start", "data": {"task_done": true, "task_cancelled": true}, "timestamp": 1787306232848}
{"sessionId": "1c5371", "hypothesisId": "H2", "location": "request_lock.py:_await_cancelled", "message": "await_pulse_end", "data": {"task_done": true}, "timestamp": 1787306232849}
{"sessionId": "1c5371", "hypothesisId": "H2", "location": "request_lock.py:_await_cancelled", "message": "await_pulse_start", "data": {"task_done": true, "task_cancelled": true}, "timestamp": 1787306232850}
{"sessionId": "1c5371", "hypothesisId": "H2", "location": "request_lock.py:_await_cancelled", "message": "await_pulse_end", "data": {"task_done": true}, "timestamp": 1787306232851}
{"sessionId": "1c5371", "hypothesisId": "H1", "location": "controlled_client.py:_wait_graph_rpc", "message": "rpc_done", "data": {"cancelled": false, "exc": null, "cancel_set": false}, "timestamp": 1787306238825}
{"sessionId": "1c5371", "hypothesisId": "H2", "location": "request_lock.py:_await_cancelled", "message": "await_pulse_start", "data": {"task_done": false, "task_cancelled": false}, "timestamp": 1787306238827}
{"sessionId": "1c5371", "hypothesisId": "H2", "location": "request_lock.py:_await_cancelled", "message": "await_pulse_end", "data": {"task_done": true}, "timestamp": 1787306238828}
{"sessionId": "1c5371", "hypothesisId": "H2", "location": "request_lock.py:_await_cancelled", "message": "await_pulse_start", "data": {"task_done": true, "task_cancelled": true}, "timestamp": 1787306238829}
{"sessionId": "1c5371", "hypothesisId": "H2", "location": "request_lock.py:_await_cancelled", "message": "await_pulse_end", "data": {"task_done": true}, "timestamp": 1787306238830}
{"sessionId": "1c5371", "hypothesisId": "H2", "location": "request_lock.py:_await_cancelled", "message": "await_pulse_start", "data": {"task_done": true, "task_cancelled": true}, "timestamp": 1787306238831}
{"sessionId": "1c5371", "hypothesisId": "H2", "location": "request_lock.py:_await_cancelled", "message": "await_pulse_end", "data": {"task_done": true}, "timestamp": 1787306238831}
{"sessionId": "1c5371", "hypothesisId": "H2", "location": "request_lock.py:_await_cancelled", "message": "await_pulse_start", "data": {"task_done": true, "task_cancelled": true}, "timestamp": 1787306238832}
{"sessionId": "1c5371", "hypothesisId": "H2", "location": "request_lock.py:_await_cancelled", "message": "await_pulse_end", "data": {"task_done": true}, "timestamp": 1787306238833}
{"sessionId": "1c5371", "hypothesisId": "H1", "location": "controlled_client.py:_wait_graph_rpc", "message": "rpc_done", "data": {"cancelled": false, "exc": null, "cancel_set": false}, "timestamp": 1787306244864}
{"sessionId": "1c5371", "hypothesisId": "H2", "location": "request_lock.py:_await_cancelled", "message": "await_pulse_start", "data": {"task_done": false, "task_cancelled": false}, "timestamp": 1787306244866}
{"sessionId": "1c5371", "hypothesisId": "H2", "location": "request_lock.py:_await_cancelled", "message": "await_pulse_end", "data": {"task_done": true}, "timestamp": 1787306244867}
{"sessionId": "1c5371", "hypothesisId": "H2", "location": "request_lock.py:_await_cancelled", "message": "await_pulse_start", "data": {"task_done": true, "task_cancelled": true}, "timestamp": 1787306244868}
{"sessionId": "1c5371", "hypothesisId": "H2", "location": "request_lock.py:_await_cancelled", "message": "await_pulse_end", "data": {"task_done": true}, "timestamp": 1787306244871}
{"sessionId": "1c5371", "hypothesisId": "H2", "location": "request_lock.py:_await_cancelled", "message": "await_pulse_start", "data": {"task_done": true, "task_cancelled": true}, "timestamp": 1787306244872}
{"sessionId": "1c5371", "hypothesisId": "H2", "location": "request_lock.py:_await_cancelled", "message": "await_pulse_end", "data": {"task_done": true}, "timestamp": 1787306244873}
{"sessionId": "1c5371", "hypothesisId": "H2", "location": "request_lock.py:_await_cancelled", "message": "await_pulse_start", "data": {"task_done": true, "task_cancelled": true}, "timestamp": 1787306244874}
{"sessionId": "1c5371", "hypothesisId": "H2", "location": "request_lock.py:_await_cancelled", "message": "await_pulse_end", "data": {"task_done": true}, "timestamp": 1787306244875}
{"sessionId": "1c5371", "hypothesisId": "H1", "location": "controlled_client.py:_wait_graph_rpc", "message": "rpc_done", "data": {"cancelled": false, "exc": null, "cancel_set": false}, "timestamp": 1787306250880}
{"sessionId": "1c5371", "hypothesisId": "H2", "location": "request_lock.py:_await_cancelled", "message": "await_pulse_start", "data": {"task_done": false, "task_cancelled": false}, "timestamp": 1787306250881}
{"sessionId": "1c5371", "hypothesisId": "H2", "location": "request_lock.py:_await_cancelled", "message": "await_pulse_end", "data": {"task_done": true}, "timestamp": 1787306250882}
{"sessionId": "1c5371", "hypothesisId": "H2", "location": "request_lock.py:_await_cancelled", "message": "await_pulse_start", "data": {"task_done": true, "task_cancelled": true}, "timestamp": 1787306250884}
{"sessionId": "1c5371", "hypothesisId": "H2", "location": "request_lock.py:_await_cancelled", "message": "await_pulse_end", "data": {"task_done": true}, "timestamp": 1787306250886}
{"sessionId": "1c5371", "hypothesisId": "H2", "location": "request_lock.py:_await_cancelled", "message": "await_pulse_start", "data": {"task_done": true, "task_cancelled": true}, "timestamp": 1787306250887}
{"sessionId": "1c5371", "hypothesisId": "H2", "location": "request_lock.py:_await_cancelled", "message": "await_pulse_end", "data": {"task_done": true}, "timestamp": 1787306250888}
{"sessionId": "1c5371", "hypothesisId": "H2", "location": "request_lock.py:_await_cancelled", "message": "await_pulse_start", "data": {"task_done": true, "task_cancelled": true}, "timestamp": 1787306250890}
{"sessionId": "1c5371", "hypothesisId": "H2", "location": "request_lock.py:_await_cancelled", "message": "await_pulse_end", "data": {"task_done": true}, "timestamp": 1787306250890}
{"sessionId": "1c5371", "hypothesisId": "H1", "location": "controlled_client.py:_wait_graph_rpc", "message": "rpc_done", "data": {"cancelled": false, "exc": null, "cancel_set": false}, "timestamp": 1787306256900}
{"sessionId": "1c5371", "hypothesisId": "H2", "location": "request_lock.py:_await_cancelled", "message": "await_pulse_start", "data": {"task_done": false, "task_cancelled": false}, "timestamp": 1787306256903}
{"sessionId": "1c5371", "hypothesisId": "H2", "location": "request_lock.py:_await_cancelled", "message": "await_pulse_end", "data": {"task_done": true}, "timestamp": 1787306256904}
{"sessionId": "1c5371", "hypothesisId": "H2", "location": "request_lock.py:_await_cancelled", "message": "await_pulse_start", "data": {"task_done": true, "task_cancelled": true}, "timestamp": 1787306256905}
{"sessionId": "1c5371", "hypothesisId": "H2", "location": "request_lock.py:_await_cancelled", "message": "await_pulse_end", "data": {"task_done": true}, "timestamp": 1787306256906}
{"sessionId": "1c5371", "hypothesisId": "H2", "location": "request_lock.py:_await_cancelled", "message": "await_pulse_start", "data": {"task_done": true, "task_cancelled": true}, "timestamp": 1787306256907}
{"sessionId": "1c5371", "hypothesisId": "H2", "location": "request_lock.py:_await_cancelled", "message": "await_pulse_end", "data": {"task_done": true}, "timestamp": 1787306256908}
{"sessionId": "1c5371", "hypothesisId": "H2", "location": "request_lock.py:_await_cancelled", "message": "await_pulse_start", "data": {"task_done": true, "task_cancelled": true}, "timestamp": 1787306256908}
{"sessionId": "1c5371", "hypothesisId": "H2", "location": "request_lock.py:_await_cancelled", "message": "await_pulse_end", "data": {"task_done": true}, "timestamp": 1787306256909}
{"sessionId": "1c5371", "hypothesisId": "H1", "location": "controlled_client.py:_wait_graph_rpc", "message": "rpc_done", "data": {"cancelled": false, "exc": null, "cancel_set": false}, "timestamp": 1787306262939}
{"sessionId": "1c5371", "hypothesisId": "H2", "location": "request_lock.py:_await_cancelled", "message": "await_pulse_start", "data": {"task_done": false, "task_cancelled": false}, "timestamp": 1787306262940}
{"sessionId": "1c5371", "hypothesisId": "H2", "location": "request_lock.py:_await_cancelled", "message": "await_pulse_end", "data": {"task_done": true}, "timestamp": 1787306262941}
{"sessionId": "1c5371", "hypothesisId": "H2", "location": "request_lock.py:_await_cancelled", "message": "await_pulse_start", "data": {"task_done": true, "task_cancelled": true}, "timestamp": 1787306262942}
{"sessionId": "1c5371", "hypothesisId": "H2", "location": "request_lock.py:_await_cancelled", "message": "await_pulse_end", "data": {"task_done": true}, "timestamp": 1787306262943}
{"sessionId": "1c5371", "hypothesisId": "H2", "location": "request_lock.py:_await_cancelled", "message": "await_pulse_start", "data": {"task_done": true, "task_cancelled": true}, "timestamp": 1787306262944}
{"sessionId": "1c5371", "hypothesisId": "H2", "location": "request_lock.py:_await_cancelled", "message": "await_pulse_end", "data": {"task_done": true}, "timestamp": 1787306262945}
{"sessionId": "1c5371", "hypothesisId": "H2", "location": "request_lock.py:_await_cancelled", "message": "await_pulse_start", "data": {"task_done": true, "task_cancelled": true}, "timestamp": 1787306262946}
{"sessionId": "1c5371", "hypothesisId": "H2", "location": "request_lock.py:_await_cancelled", "message": "await_pulse_end", "data": {"task_done": true}, "timestamp": 1787306262946}
{"sessionId": "1c5371", "hypothesisId": "H1", "location": "controlled_client.py:_wait_graph_rpc", "message": "rpc_done", "data": {"cancelled": false, "exc": null, "cancel_set": false}, "timestamp": 1787306269028}
{"sessionId": "1c5371", "hypothesisId": "H2", "location": "request_lock.py:_await_cancelled", "message": "await_pulse_start", "data": {"task_done": false, "task_cancelled": false}, "timestamp": 1787306269029}
{"sessionId": "1c5371", "hypothesisId": "H2", "location": "request_lock.py:_await_cancelled", "message": "await_pulse_end", "data": {"task_done": true}, "timestamp": 1787306269030}
{"sessionId": "1c5371", "hypothesisId": "H2", "location": "request_lock.py:_await_cancelled", "message": "await_pulse_start", "data": {"task_done": true, "task_cancelled": true}, "timestamp": 1787306269030}
{"sessionId": "1c5371", "hypothesisId": "H2", "location": "request_lock.py:_await_cancelled", "message": "await_pulse_end", "data": {"task_done": true}, "timestamp": 1787306269031}
{"sessionId": "1c5371", "hypothesisId": "H2", "location": "request_lock.py:_await_cancelled", "message": "await_pulse_start", "data": {"task_done": true, "task_cancelled": true}, "timestamp": 1787306269033}
{"sessionId": "1c5371", "hypothesisId": "H2", "location": "request_lock.py:_await_cancelled", "message": "await_pulse_end", "data": {"task_done": true}, "timestamp": 1787306269034}
{"sessionId": "1c5371", "hypothesisId": "H2", "location": "request_lock.py:_await_cancelled", "message": "await_pulse_start", "data": {"task_done": true, "task_cancelled": true}, "timestamp": 1787306269034}
{"sessionId": "1c5371", "hypothesisId": "H2", "location": "request_lock.py:_await_cancelled", "message": "await_pulse_end", "data": {"task_done": true}, "timestamp": 1787306269035}
{"sessionId": "1c5371", "hypothesisId": "H1", "location": "controlled_client.py:_wait_graph_rpc", "message": "rpc_done", "data": {"cancelled": false, "exc": null, "cancel_set": false}, "timestamp": 1787306274981}
{"sessionId": "1c5371", "hypothesisId": "H2", "location": "request_lock.py:_await_cancelled", "message": "await_pulse_start", "data": {"task_done": false, "task_cancelled": false}, "timestamp": 1787306274982}
{"sessionId": "1c5371", "hypothesisId": "H2", "location": "request_lock.py:_await_cancelled", "message": "await_pulse_end", "data": {"task_done": true}, "timestamp": 1787306274982}
{"sessionId": "1c5371", "hypothesisId": "H2", "location": "request_lock.py:_await_cancelled", "message": "await_pulse_start", "data": {"task_done": true, "task_cancelled": true}, "timestamp": 1787306274983}
{"sessionId": "1c5371", "hypothesisId": "H2", "location": "request_lock.py:_await_cancelled", "message": "await_pulse_end", "data": {"task_done": true}, "timestamp": 1787306274984}
{"sessionId": "1c5371", "hypothesisId": "H2", "location": "request_lock.py:_await_cancelled", "message": "await_pulse_start", "data": {"task_done": true, "task_cancelled": true}, "timestamp": 1787306274984}
{"sessionId": "1c5371", "hypothesisId": "H2", "location": "request_lock.py:_await_cancelled", "message": "await_pulse_end", "data": {"task_done": true}, "timestamp": 1787306274984}
{"sessionId": "1c5371", "hypothesisId": "H2", "location": "request_lock.py:_await_cancelled", "message": "await_pulse_start", "data": {"task_done": true, "task_cancelled": true}, "timestamp": 1787306274985}
{"sessionId": "1c5371", "hypothesisId": "H2", "location": "request_lock.py:_await_cancelled", "message": "await_pulse_end", "data": {"task_done": true}, "timestamp": 1787306274985}
{"sessionId": "1c5371", "hypothesisId": "H1", "location": "controlled_client.py:_wait_graph_rpc", "message": "rpc_done", "data": {"cancelled": false, "exc": "UsernameInvalidError", "cancel_set": false}, "timestamp": 1787306280949}
{"sessionId": "1c5371", "hypothesisId": "H2", "location": "request_lock.py:_await_cancelled", "message": "await_pulse_start", "data": {"task_done": false, "task_cancelled": false}, "timestamp": 1787306280950}
{"sessionId": "1c5371", "hypothesisId": "H2", "location": "request_lock.py:_await_cancelled", "message": "await_pulse_end", "data": {"task_done": true}, "timestamp": 1787306280951}
{"sessionId": "1c5371", "hypothesisId": "H2", "location": "request_lock.py:_await_cancelled", "message": "await_pulse_start", "data": {"task_done": true, "task_cancelled": true}, "timestamp": 1787306280951}
{"sessionId": "1c5371", "hypothesisId": "H2", "location": "request_lock.py:_await_cancelled", "message": "await_pulse_end", "data": {"task_done": true}, "timestamp": 1787306280951}
{"sessionId": "1c5371", "hypothesisId": "H2", "location": "request_lock.py:_await_cancelled", "message": "await_pulse_start", "data": {"task_done": true, "task_cancelled": true}, "timestamp": 1787306280952}
{"sessionId": "1c5371", "hypothesisId": "H2", "location": "request_lock.py:_await_cancelled", "message": "await_pulse_end", "data": {"task_done": true}, "timestamp": 1787306280952}
{"sessionId": "1c5371", "hypothesisId": "H2", "location": "request_lock.py:_await_cancelled", "message": "await_pulse_start", "data": {"task_done": true, "task_cancelled": true}, "timestamp": 1787306280952}
{"sessionId": "1c5371", "hypothesisId": "H2", "location": "request_lock.py:_await_cancelled", "message": "await_pulse_end", "data": {"task_done": true}, "timestamp": 1787306280953}
{"sessionId": "1c5371", "hypothesisId": "H1", "location": "controlled_client.py:_wait_graph_rpc", "message": "rpc_done", "data": {"cancelled": false, "exc": null, "cancel_set": false}, "timestamp": 1787306286984}
{"sessionId": "1c5371", "hypothesisId": "H2", "location": "request_lock.py:_await_cancelled", "message": "await_pulse_start", "data": {"task_done": false, "task_cancelled": false}, "timestamp": 1787306286985}
{"sessionId": "1c5371", "hypothesisId": "H2", "location": "request_lock.py:_await_cancelled", "message": "await_pulse_end", "data": {"task_done": true}, "timestamp": 1787306286985}
{"sessionId": "1c5371", "hypothesisId": "H2", "location": "request_lock.py:_await_cancelled", "message": "await_pulse_start", "data": {"task_done": true, "task_cancelled": true}, "timestamp": 1787306286986}
{"sessionId": "1c5371", "hypothesisId": "H2", "location": "request_lock.py:_await_cancelled", "message": "await_pulse_end", "data": {"task_done": true}, "timestamp": 1787306286986}
{"sessionId": "1c5371", "hypothesisId": "H2", "location": "request_lock.py:_await_cancelled", "message": "await_pulse_start", "data": {"task_done": true, "task_cancelled": true}, "timestamp": 1787306286986}
{"sessionId": "1c5371", "hypothesisId": "H2", "location": "request_lock.py:_await_cancelled", "message": "await_pulse_end", "data": {"task_done": true}, "timestamp": 1787306286986}
{"sessionId": "1c5371", "hypothesisId": "H2", "location": "request_lock.py:_await_cancelled", "message": "await_pulse_start", "data": {"task_done": true, "task_cancelled": true}, "timestamp": 1787306286987}
{"sessionId": "1c5371", "hypothesisId": "H2", "location": "request_lock.py:_await_cancelled", "message": "await_pulse_end", "data": {"task_done": true}, "timestamp": 1787306286987}
{"sessionId": "1c5371", "hypothesisId": "H1", "location": "controlled_client.py:_wait_graph_rpc", "message": "rpc_done", "data": {"cancelled": false, "exc": null, "cancel_set": false}, "timestamp": 1787306293036}
{"sessionId": "1c5371", "hypothesisId": "H2", "location": "request_lock.py:_await_cancelled", "message": "await_pulse_start", "data": {"task_done": false, "task_cancelled": false}, "timestamp": 1787306293037}
{"sessionId": "1c5371", "hypothesisId": "H2", "location": "request_lock.py:_await_cancelled", "message": "await_pulse_end", "data": {"task_done": true}, "timestamp": 1787306293038}
{"sessionId": "1c5371", "hypothesisId": "H2", "location": "request_lock.py:_await_cancelled", "message": "await_pulse_start", "data": {"task_done": true, "task_cancelled": true}, "timestamp": 1787306293039}
{"sessionId": "1c5371", "hypothesisId": "H2", "location": "request_lock.py:_await_cancelled", "message": "await_pulse_end", "data": {"task_done": true}, "timestamp": 1787306293040}
{"sessionId": "1c5371", "hypothesisId": "H2", "location": "request_lock.py:_await_cancelled", "message": "await_pulse_start", "data": {"task_done": true, "task_cancelled": true}, "timestamp": 1787306293041}
{"sessionId": "1c5371", "hypothesisId": "H2", "location": "request_lock.py:_await_cancelled", "message": "await_pulse_end", "data": {"task_done": true}, "timestamp": 1787306293042}
{"sessionId": "1c5371", "hypothesisId": "H2", "location": "request_lock.py:_await_cancelled", "message": "await_pulse_start", "data": {"task_done": true, "task_cancelled": true}, "timestamp": 1787306293043}
{"sessionId": "1c5371", "hypothesisId": "H2", "location": "request_lock.py:_await_cancelled", "message": "await_pulse_end", "data": {"task_done": true}, "timestamp": 1787306293044}
{"sessionId": "1c5371", "hypothesisId": "H1", "location": "controlled_client.py:_wait_graph_rpc", "message": "rpc_done", "data": {"cancelled": false, "exc": null, "cancel_set": false}, "timestamp": 1787306299106}
{"sessionId": "1c5371", "hypothesisId": "H2", "location": "request_lock.py:_await_cancelled", "message": "await_pulse_start", "data": {"task_done": false, "task_cancelled": false}, "timestamp": 1787306299107}
{"sessionId": "1c5371", "hypothesisId": "H2", "location": "request_lock.py:_await_cancelled", "message": "await_pulse_end", "data": {"task_done": true}, "timestamp": 1787306299107}
{"sessionId": "1c5371", "hypothesisId": "H2", "location": "request_lock.py:_await_cancelled", "message": "await_pulse_start", "data": {"task_done": true, "task_cancelled": true}, "timestamp": 1787306299108}
{"sessionId": "1c5371", "hypothesisId": "H2", "location": "request_lock.py:_await_cancelled", "message": "await_pulse_end", "data": {"task_done": true}, "timestamp": 1787306299108}
{"sessionId": "1c5371", "hypothesisId": "H2", "location": "request_lock.py:_await_cancelled", "message": "await_pulse_start", "data": {"task_done": true, "task_cancelled": true}, "timestamp": 1787306299108}
{"sessionId": "1c5371", "hypothesisId": "H2", "location": "request_lock.py:_await_cancelled", "message": "await_pulse_end", "data": {"task_done": true}, "timestamp": 1787306299109}
{"sessionId": "1c5371", "hypothesisId": "H2", "location": "request_lock.py:_await_cancelled", "message": "await_pulse_start", "data": {"task_done": true, "task_cancelled": true}, "timestamp": 1787306299110}
{"sessionId": "1c5371", "hypothesisId": "H2", "location": "request_lock.py:_await_cancelled", "message": "await_pulse_end", "data": {"task_done": true}, "timestamp": 1787306299110}
{"sessionId": "1c5371", "hypothesisId": "H1", "location": "controlled_client.py:_wait_graph_rpc", "message": "rpc_done", "data": {"cancelled": false, "exc": null, "cancel_set": false}, "timestamp": 1787306305247}
{"sessionId": "1c5371", "hypothesisId": "H2", "location": "request_lock.py:_await_cancelled", "message": "await_pulse_start", "data": {"task_done": false, "task_cancelled": false}, "timestamp": 1787306305248}
{"sessionId": "1c5371", "hypothesisId": "H2", "location": "request_lock.py:_await_cancelled", "message": "await_pulse_end", "data": {"task_done": true}, "timestamp": 1787306305248}
{"sessionId": "1c5371", "hypothesisId": "H2", "location": "request_lock.py:_await_cancelled", "message": "await_pulse_start", "data": {"task_done": true, "task_cancelled": true}, "timestamp": 1787306305249}
{"sessionId": "1c5371", "hypothesisId": "H2", "location": "request_lock.py:_await_cancelled", "message": "await_pulse_end", "data": {"task_done": true}, "timestamp": 1787306305249}
{"sessionId": "1c5371", "hypothesisId": "H2", "location": "request_lock.py:_await_cancelled", "message": "await_pulse_start", "data": {"task_done": true, "task_cancelled": true}, "timestamp": 1787306305249}
{"sessionId": "1c5371", "hypothesisId": "H2", "location": "request_lock.py:_await_cancelled", "message": "await_pulse_end", "data": {"task_done": true}, "timestamp": 1787306305250}
{"sessionId": "1c5371", "hypothesisId": "H2", "location": "request_lock.py:_await_cancelled", "message": "await_pulse_start", "data": {"task_done": true, "task_cancelled": true}, "timestamp": 1787306305250}
{"sessionId": "1c5371", "hypothesisId": "H2", "location": "request_lock.py:_await_cancelled", "message": "await_pulse_end", "data": {"task_done": true}, "timestamp": 1787306305250}
{"sessionId": "1c5371", "hypothesisId": "H1", "location": "controlled_client.py:_wait_graph_rpc", "message": "rpc_done", "data": {"cancelled": false, "exc": null, "cancel_set": false}, "timestamp": 1787306311129}
{"sessionId": "1c5371", "hypothesisId": "H2", "location": "request_lock.py:_await_cancelled", "message": "await_pulse_start", "data": {"task_done": false, "task_cancelled": false}, "timestamp": 1787306311130}
{"sessionId": "1c5371", "hypothesisId": "H2", "location": "request_lock.py:_await_cancelled", "message": "await_pulse_end", "data": {"task_done": true}, "timestamp": 1787306311131}
{"sessionId": "1c5371", "hypothesisId": "H2", "location": "request_lock.py:_await_cancelled", "message": "await_pulse_start", "data": {"task_done": true, "task_cancelled": true}, "timestamp": 1787306311131}
{"sessionId": "1c5371", "hypothesisId": "H2", "location": "request_lock.py:_await_cancelled", "message": "await_pulse_end", "data": {"task_done": true}, "timestamp": 1787306311132}
{"sessionId": "1c5371", "hypothesisId": "H2", "location": "request_lock.py:_await_cancelled", "message": "await_pulse_start", "data": {"task_done": true, "task_cancelled": true}, "timestamp": 1787306311132}
{"sessionId": "1c5371", "hypothesisId": "H2", "location": "request_lock.py:_await_cancelled", "message": "await_pulse_end", "data": {"task_done": true}, "timestamp": 1787306311133}
{"sessionId": "1c5371", "hypothesisId": "H2", "location": "request_lock.py:_await_cancelled", "message": "await_pulse_start", "data": {"task_done": true, "task_cancelled": true}, "timestamp": 1787306311133}
{"sessionId": "1c5371", "hypothesisId": "H2", "location": "request_lock.py:_await_cancelled", "message": "await_pulse_end", "data": {"task_done": true}, "timestamp": 1787306311134}
{"sessionId": "1c5371", "hypothesisId": "H1", "location": "controlled_client.py:_wait_graph_rpc", "message": "rpc_done", "data": {"cancelled": false, "exc": null, "cancel_set": false}, "timestamp": 1787306317160}
{"sessionId": "1c5371", "hypothesisId": "H2", "location": "request_lock.py:_await_cancelled", "message": "await_pulse_start", "data": {"task_done": false, "task_cancelled": false}, "timestamp": 1787306317161}
{"sessionId": "1c5371", "hypothesisId": "H2", "location": "request_lock.py:_await_cancelled", "message": "await_pulse_end", "data": {"task_done": true}, "timestamp": 1787306317161}
{"sessionId": "1c5371", "hypothesisId": "H2", "location": "request_lock.py:_await_cancelled", "message": "await_pulse_start", "data": {"task_done": true, "task_cancelled": true}, "timestamp": 1787306317162}
{"sessionId": "1c5371", "hypothesisId": "H2", "location": "request_lock.py:_await_cancelled", "message": "await_pulse_end", "data": {"task_done": true}, "timestamp": 1787306317162}
{"sessionId": "1c5371", "hypothesisId": "H2", "location": "request_lock.py:_await_cancelled", "message": "await_pulse_start", "data": {"task_done": true, "task_cancelled": true}, "timestamp": 1787306317163}
{"sessionId": "1c5371", "hypothesisId": "H2", "location": "request_lock.py:_await_cancelled", "message": "await_pulse_end", "data": {"task_done": true}, "timestamp": 1787306317163}
{"sessionId": "1c5371", "hypothesisId": "H2", "location": "request_lock.py:_await_cancelled", "message": "await_pulse_start", "data": {"task_done": true, "task_cancelled": true}, "timestamp": 1787306317163}
{"sessionId": "1c5371", "hypothesisId": "H2", "location": "request_lock.py:_await_cancelled", "message": "await_pulse_end", "data": {"task_done": true}, "timestamp": 1787306317163}
{"sessionId": "1c5371", "hypothesisId": "H1", "location": "controlled_client.py:_wait_graph_rpc", "message": "rpc_done", "data": {"cancelled": false, "exc": null, "cancel_set": false}, "timestamp": 1787306323275}
{"sessionId": "1c5371", "hypothesisId": "H2", "location": "request_lock.py:_await_cancelled", "message": "await_pulse_start", "data": {"task_done": false, "task_cancelled": false}, "timestamp": 1787306323277}
{"sessionId": "1c5371", "hypothesisId": "H2", "location": "request_lock.py:_await_cancelled", "message": "await_pulse_end", "data": {"task_done": true}, "timestamp": 1787306323278}
{"sessionId": "1c5371", "hypothesisId": "H2", "location": "request_lock.py:_await_cancelled", "message": "await_pulse_start", "data": {"task_done": true, "task_cancelled": true}, "timestamp": 1787306323279}
{"sessionId": "1c5371", "hypothesisId": "H2", "location": "request_lock.py:_await_cancelled", "message": "await_pulse_end", "data": {"task_done": true}, "timestamp": 1787306323280}
{"sessionId": "1c5371", "hypothesisId": "H2", "location": "request_lock.py:_await_cancelled", "message": "await_pulse_start", "data": {"task_done": true, "task_cancelled": true}, "timestamp": 1787306323281}
{"sessionId": "1c5371", "hypothesisId": "H2", "location": "request_lock.py:_await_cancelled", "message": "await_pulse_end", "data": {"task_done": true}, "timestamp": 1787306323281}
{"sessionId": "1c5371", "hypothesisId": "H2", "location": "request_lock.py:_await_cancelled", "message": "await_pulse_start", "data": {"task_done": true, "task_cancelled": true}, "timestamp": 1787306323282}
{"sessionId": "1c5371", "hypothesisId": "H2", "location": "request_lock.py:_await_cancelled", "message": "await_pulse_end", "data": {"task_done": true}, "timestamp": 1787306323283}
{"sessionId": "1c5371", "hypothesisId": "H1", "location": "controlled_client.py:_wait_graph_rpc", "message": "rpc_done", "data": {"cancelled": false, "exc": null, "cancel_set": false}, "timestamp": 1787306329241}
{"sessionId": "1c5371", "hypothesisId": "H2", "location": "request_lock.py:_await_cancelled", "message": "await_pulse_start", "data": {"task_done": false, "task_cancelled": false}, "timestamp": 1787306329242}
{"sessionId": "1c5371", "hypothesisId": "H2", "location": "request_lock.py:_await_cancelled", "message": "await_pulse_end", "data": {"task_done": true}, "timestamp": 1787306329242}
{"sessionId": "1c5371", "hypothesisId": "H2", "location": "request_lock.py:_await_cancelled", "message": "await_pulse_start", "data": {"task_done": true, "task_cancelled": true}, "timestamp": 1787306329243}
{"sessionId": "1c5371", "hypothesisId": "H2", "location": "request_lock.py:_await_cancelled", "message": "await_pulse_end", "data": {"task_done": true}, "timestamp": 1787306329243}
{"sessionId": "1c5371", "hypothesisId": "H2", "location": "request_lock.py:_await_cancelled", "message": "await_pulse_start", "data": {"task_done": true, "task_cancelled": true}, "timestamp": 1787306329243}
{"sessionId": "1c5371", "hypothesisId": "H2", "location": "request_lock.py:_await_cancelled", "message": "await_pulse_end", "data": {"task_done": true}, "timestamp": 1787306329243}
{"sessionId": "1c5371", "hypothesisId": "H2", "location": "request_lock.py:_await_cancelled", "message": "await_pulse_start", "data": {"task_done": true, "task_cancelled": true}, "timestamp": 1787306329244}
{"sessionId": "1c5371", "hypothesisId": "H2", "location": "request_lock.py:_await_cancelled", "message": "await_pulse_end", "data": {"task_done": true}, "timestamp": 1787306329244}
{"sessionId": "1c5371", "hypothesisId": "H1", "location": "controlled_client.py:_wait_graph_rpc", "message": "rpc_done", "data": {"cancelled": false, "exc": null, "cancel_set": false}, "timestamp": 1787306335252}
{"sessionId": "1c5371", "hypothesisId": "H2", "location": "request_lock.py:_await_cancelled", "message": "await_pulse_start", "data": {"task_done": false, "task_cancelled": false}, "timestamp": 1787306335254}
{"sessionId": "1c5371", "hypothesisId": "H2", "location": "request_lock.py:_await_cancelled", "message": "await_pulse_end", "data": {"task_done": true}, "timestamp": 1787306335255}
{"sessionId": "1c5371", "hypothesisId": "H2", "location": "request_lock.py:_await_cancelled", "message": "await_pulse_start", "data": {"task_done": true, "task_cancelled": true}, "timestamp": 1787306335257}
{"sessionId": "1c5371", "hypothesisId": "H2", "location": "request_lock.py:_await_cancelled", "message": "await_pulse_end", "data": {"task_done": true}, "timestamp": 1787306335259}
{"sessionId": "1c5371", "hypothesisId": "H2", "location": "request_lock.py:_await_cancelled", "message": "await_pulse_start", "data": {"task_done": true, "task_cancelled": true}, "timestamp": 1787306335259}
{"sessionId": "1c5371", "hypothesisId": "H2", "location": "request_lock.py:_await_cancelled", "message": "await_pulse_end", "data": {"task_done": true}, "timestamp": 1787306335260}
{"sessionId": "1c5371", "hypothesisId": "H2", "location": "request_lock.py:_await_cancelled", "message": "await_pulse_start", "data": {"task_done": true, "task_cancelled": true}, "timestamp": 1787306335262}
{"sessionId": "1c5371", "hypothesisId": "H2", "location": "request_lock.py:_await_cancelled", "message": "await_pulse_end", "data": {"task_done": true}, "timestamp": 1787306335263}
{"sessionId": "1c5371", "hypothesisId": "H1", "location": "controlled_client.py:_wait_graph_rpc", "message": "rpc_done", "data": {"cancelled": false, "exc": null, "cancel_set": false}, "timestamp": 1787306341259}
{"sessionId": "1c5371", "hypothesisId": "H2", "location": "request_lock.py:_await_cancelled", "message": "await_pulse_start", "data": {"task_done": false, "task_cancelled": false}, "timestamp": 1787306341260}
{"sessionId": "1c5371", "hypothesisId": "H2", "location": "request_lock.py:_await_cancelled", "message": "await_pulse_end", "data": {"task_done": true}, "timestamp": 1787306341261}
{"sessionId": "1c5371", "hypothesisId": "H2", "location": "request_lock.py:_await_cancelled", "message": "await_pulse_start", "data": {"task_done": true, "task_cancelled": true}, "timestamp": 1787306341261}
{"sessionId": "1c5371", "hypothesisId": "H2", "location": "request_lock.py:_await_cancelled", "message": "await_pulse_end", "data": {"task_done": true}, "timestamp": 1787306341262}
{"sessionId": "1c5371", "hypothesisId": "H2", "location": "request_lock.py:_await_cancelled", "message": "await_pulse_start", "data": {"task_done": true, "task_cancelled": true}, "timestamp": 1787306341263}
{"sessionId": "1c5371", "hypothesisId": "H2", "location": "request_lock.py:_await_cancelled", "message": "await_pulse_end", "data": {"task_done": true}, "timestamp": 1787306341263}
{"sessionId": "1c5371", "hypothesisId": "H2", "location": "request_lock.py:_await_cancelled", "message": "await_pulse_start", "data": {"task_done": true, "task_cancelled": true}, "timestamp": 1787306341264}
{"sessionId": "1c5371", "hypothesisId": "H2", "location": "request_lock.py:_await_cancelled", "message": "await_pulse_end", "data": {"task_done": true}, "timestamp": 1787306341264}
{"sessionId": "1c5371", "hypothesisId": "H1", "location": "controlled_client.py:_wait_graph_rpc", "message": "rpc_done", "data": {"cancelled": false, "exc": null, "cancel_set": false}, "timestamp": 1787306347799}
{"sessionId": "1c5371", "hypothesisId": "H2", "location": "request_lock.py:_await_cancelled", "message": "await_pulse_start", "data": {"task_done": false, "task_cancelled": false}, "timestamp": 1787306347799}
{"sessionId": "1c5371", "hypothesisId": "H2", "location": "request_lock.py:_await_cancelled", "message": "await_pulse_end", "data": {"task_done": true}, "timestamp": 1787306347801}
{"sessionId": "1c5371", "hypothesisId": "H2", "location": "request_lock.py:_await_cancelled", "message": "await_pulse_start", "data": {"task_done": true, "task_cancelled": true}, "timestamp": 1787306347802}
{"sessionId": "1c5371", "hypothesisId": "H2", "location": "request_lock.py:_await_cancelled", "message": "await_pulse_end", "data": {"task_done": true}, "timestamp": 1787306347803}
{"sessionId": "1c5371", "hypothesisId": "H2", "location": "request_lock.py:_await_cancelled", "message": "await_pulse_start", "data": {"task_done": true, "task_cancelled": true}, "timestamp": 1787306347804}
{"sessionId": "1c5371", "hypothesisId": "H2", "location": "request_lock.py:_await_cancelled", "message": "await_pulse_end", "data": {"task_done": true}, "timestamp": 1787306347804}
{"sessionId": "1c5371", "hypothesisId": "H2", "location": "request_lock.py:_await_cancelled", "message": "await_pulse_start", "data": {"task_done": true, "task_cancelled": true}, "timestamp": 1787306347805}
{"sessionId": "1c5371", "hypothesisId": "H2", "location": "request_lock.py:_await_cancelled", "message": "await_pulse_end", "data": {"task_done": true}, "timestamp": 1787306347805}
{"sessionId": "1c5371", "hypothesisId": "H1", "location": "controlled_client.py:_wait_graph_rpc", "message": "rpc_done", "data": {"cancelled": false, "exc": null, "cancel_set": false}, "timestamp": 1787306353323}
{"sessionId": "1c5371", "hypothesisId": "H2", "location": "request_lock.py:_await_cancelled", "message": "await_pulse_start", "data": {"task_done": false, "task_cancelled": false}, "timestamp": 1787306353323}
{"sessionId": "1c5371", "hypothesisId": "H2", "location": "request_lock.py:_await_cancelled", "message": "await_pulse_end", "data": {"task_done": true}, "timestamp": 1787306353323}
{"sessionId": "1c5371", "hypothesisId": "H2", "location": "request_lock.py:_await_cancelled", "message": "await_pulse_start", "data": {"task_done": true, "task_cancelled": true}, "timestamp": 1787306353324}
{"sessionId": "1c5371", "hypothesisId": "H2", "location": "request_lock.py:_await_cancelled", "message": "await_pulse_end", "data": {"task_done": true}, "timestamp": 1787306353324}
{"sessionId": "1c5371", "hypothesisId": "H2", "location": "request_lock.py:_await_cancelled", "message": "await_pulse_start", "data": {"task_done": true, "task_cancelled": true}, "timestamp": 1787306353324}
{"sessionId": "1c5371", "hypothesisId": "H2", "location": "request_lock.py:_await_cancelled", "message": "await_pulse_end", "data": {"task_done": true}, "timestamp": 1787306353325}
{"sessionId": "1c5371", "hypothesisId": "H2", "location": "request_lock.py:_await_cancelled", "message": "await_pulse_start", "data": {"task_done": true, "task_cancelled": true}, "timestamp": 1787306353325}
{"sessionId": "1c5371", "hypothesisId": "H2", "location": "request_lock.py:_await_cancelled", "message": "await_pulse_end", "data": {"task_done": true}, "timestamp": 1787306353325}
{"sessionId": "1c5371", "hypothesisId": "H1", "location": "controlled_client.py:_wait_graph_rpc", "message": "rpc_done", "data": {"cancelled": false, "exc": null, "cancel_set": false}, "timestamp": 1787306359659}
{"sessionId": "1c5371", "hypothesisId": "H2", "location": "request_lock.py:_await_cancelled", "message": "await_pulse_start", "data": {"task_done": false, "task_cancelled": false}, "timestamp": 1787306359660}
{"sessionId": "1c5371", "hypothesisId": "H2", "location": "request_lock.py:_await_cancelled", "message": "await_pulse_end", "data": {"task_done": true}, "timestamp": 1787306359660}
{"sessionId": "1c5371", "hypothesisId": "H2", "location": "request_lock.py:_await_cancelled", "message": "await_pulse_start", "data": {"task_done": true, "task_cancelled": true}, "timestamp": 1787306359660}
{"sessionId": "1c5371", "hypothesisId": "H2", "location": "request_lock.py:_await_cancelled", "message": "await_pulse_end", "data": {"task_done": true}, "timestamp": 1787306359661}
{"sessionId": "1c5371", "hypothesisId": "H2", "location": "request_lock.py:_await_cancelled", "message": "await_pulse_start", "data": {"task_done": true, "task_cancelled": true}, "timestamp": 1787306359661}
{"sessionId": "1c5371", "hypothesisId": "H2", "location": "request_lock.py:_await_cancelled", "message": "await_pulse_end", "data": {"task_done": true}, "timestamp": 1787306359661}
{"sessionId": "1c5371", "hypothesisId": "H2", "location": "request_lock.py:_await_cancelled", "message": "await_pulse_start", "data": {"task_done": true, "task_cancelled": true}, "timestamp": 1787306359661}
{"sessionId": "1c5371", "hypothesisId": "H2", "location": "request_lock.py:_await_cancelled", "message": "await_pulse_end", "data": {"task_done": true}, "timestamp": 1787306359662}
{"sessionId": "1c5371", "hypothesisId": "H1", "location": "controlled_client.py:_wait_graph_rpc", "message": "rpc_done", "data": {"cancelled": false, "exc": null, "cancel_set": false}, "timestamp": 1787306365317}
{"sessionId": "1c5371", "hypothesisId": "H2", "location": "request_lock.py:_await_cancelled", "message": "await_pulse_start", "data": {"task_done": false, "task_cancelled": false}, "timestamp": 1787306365318}
{"sessionId": "1c5371", "hypothesisId": "H2", "location": "request_lock.py:_await_cancelled", "message": "await_pulse_end", "data": {"task_done": true}, "timestamp": 1787306365318}
{"sessionId": "1c5371", "hypothesisId": "H2", "location": "request_lock.py:_await_cancelled", "message": "await_pulse_start", "data": {"task_done": true, "task_cancelled": true}, "timestamp": 1787306365318}
{"sessionId": "1c5371", "hypothesisId": "H2", "location": "request_lock.py:_await_cancelled", "message": "await_pulse_end", "data": {"task_done": true}, "timestamp": 1787306365318}
{"sessionId": "1c5371", "hypothesisId": "H2", "location": "request_lock.py:_await_cancelled", "message": "await_pulse_start", "data": {"task_done": true, "task_cancelled": true}, "timestamp": 1787306365319}
{"sessionId": "1c5371", "hypothesisId": "H2", "location": "request_lock.py:_await_cancelled", "message": "await_pulse_end", "data": {"task_done": true}, "timestamp": 1787306365319}
{"sessionId": "1c5371", "hypothesisId": "H2", "location": "request_lock.py:_await_cancelled", "message": "await_pulse_start", "data": {"task_done": true, "task_cancelled": true}, "timestamp": 1787306365320}
{"sessionId": "1c5371", "hypothesisId": "H2", "location": "request_lock.py:_await_cancelled", "message": "await_pulse_end", "data": {"task_done": true}, "timestamp": 1787306365320}
{"sessionId": "1c5371", "hypothesisId": "H1", "location": "controlled_client.py:_wait_graph_rpc", "message": "rpc_done", "data": {"cancelled": false, "exc": null, "cancel_set": false}, "timestamp": 1787306371332}
{"sessionId": "1c5371", "hypothesisId": "H2", "location": "request_lock.py:_await_cancelled", "message": "await_pulse_start", "data": {"task_done": false, "task_cancelled": false}, "timestamp": 1787306371333}
{"sessionId": "1c5371", "hypothesisId": "H2", "location": "request_lock.py:_await_cancelled", "message": "await_pulse_end", "data": {"task_done": true}, "timestamp": 1787306371334}
{"sessionId": "1c5371", "hypothesisId": "H2", "location": "request_lock.py:_await_cancelled", "message": "await_pulse_start", "data": {"task_done": true, "task_cancelled": true}, "timestamp": 1787306371334}
{"sessionId": "1c5371", "hypothesisId": "H2", "location": "request_lock.py:_await_cancelled", "message": "await_pulse_end", "data": {"task_done": true}, "timestamp": 1787306371335}
{"sessionId": "1c5371", "hypothesisId": "H2", "location": "request_lock.py:_await_cancelled", "message": "await_pulse_start", "data": {"task_done": true, "task_cancelled": true}, "timestamp": 1787306371335}
{"sessionId": "1c5371", "hypothesisId": "H2", "location": "request_lock.py:_await_cancelled", "message": "await_pulse_end", "data": {"task_done": true}, "timestamp": 1787306371335}
{"sessionId": "1c5371", "hypothesisId": "H2", "location": "request_lock.py:_await_cancelled", "message": "await_pulse_start", "data": {"task_done": true, "task_cancelled": true}, "timestamp": 1787306371336}
{"sessionId": "1c5371", "hypothesisId": "H2", "location": "request_lock.py:_await_cancelled", "message": "await_pulse_end", "data": {"task_done": true}, "timestamp": 1787306371336}
{"sessionId": "1c5371", "hypothesisId": "H1", "location": "controlled_client.py:_wait_graph_rpc", "message": "rpc_done", "data": {"cancelled": false, "exc": null, "cancel_set": false}, "timestamp": 1787306377310}
{"sessionId": "1c5371", "hypothesisId": "H2", "location": "request_lock.py:_await_cancelled", "message": "await_pulse_start", "data": {"task_done": false, "task_cancelled": false}, "timestamp": 1787306377311}
{"sessionId": "1c5371", "hypothesisId": "H2", "location": "request_lock.py:_await_cancelled", "message": "await_pulse_end", "data": {"task_done": true}, "timestamp": 1787306377312}
{"sessionId": "1c5371", "hypothesisId": "H2", "location": "request_lock.py:_await_cancelled", "message": "await_pulse_start", "data": {"task_done": true, "task_cancelled": true}, "timestamp": 1787306377313}
{"sessionId": "1c5371", "hypothesisId": "H2", "location": "request_lock.py:_await_cancelled", "message": "await_pulse_end", "data": {"task_done": true}, "timestamp": 1787306377314}
{"sessionId": "1c5371", "hypothesisId": "H2", "location": "request_lock.py:_await_cancelled", "message": "await_pulse_start", "data": {"task_done": true, "task_cancelled": true}, "timestamp": 1787306377315}
{"sessionId": "1c5371", "hypothesisId": "H2", "location": "request_lock.py:_await_cancelled", "message": "await_pulse_end", "data": {"task_done": true}, "timestamp": 1787306377316}
{"sessionId": "1c5371", "hypothesisId": "H2", "location": "request_lock.py:_await_cancelled", "message": "await_pulse_start", "data": {"task_done": true, "task_cancelled": true}, "timestamp": 1787306377316}
{"sessionId": "1c5371", "hypothesisId": "H2", "location": "request_lock.py:_await_cancelled", "message": "await_pulse_end", "data": {"task_done": true}, "timestamp": 1787306377316}
{"sessionId": "1c5371", "hypothesisId": "H1", "location": "controlled_client.py:_wait_graph_rpc", "message": "rpc_done", "data": {"cancelled": false, "exc": null, "cancel_set": false}, "timestamp": 1787306383350}
{"sessionId": "1c5371", "hypothesisId": "H2", "location": "request_lock.py:_await_cancelled", "message": "await_pulse_start", "data": {"task_done": false, "task_cancelled": false}, "timestamp": 1787306383351}
{"sessionId": "1c5371", "hypothesisId": "H2", "location": "request_lock.py:_await_cancelled", "message": "await_pulse_end", "data": {"task_done": true}, "timestamp": 1787306383351}
{"sessionId": "1c5371", "hypothesisId": "H2", "location": "request_lock.py:_await_cancelled", "message": "await_pulse_start", "data": {"task_done": true, "task_cancelled": true}, "timestamp": 1787306383351}
{"sessionId": "1c5371", "hypothesisId": "H2", "location": "request_lock.py:_await_cancelled", "message": "await_pulse_end", "data": {"task_done": true}, "timestamp": 1787306383352}
{"sessionId": "1c5371", "hypothesisId": "H2", "location": "request_lock.py:_await_cancelled", "message": "await_pulse_start", "data": {"task_done": true, "task_cancelled": true}, "timestamp": 1787306383353}
{"sessionId": "1c5371", "hypothesisId": "H2", "location": "request_lock.py:_await_cancelled", "message": "await_pulse_end", "data": {"task_done": true}, "timestamp": 1787306383353}
{"sessionId": "1c5371", "hypothesisId": "H2", "location": "request_lock.py:_await_cancelled", "message": "await_pulse_start", "data": {"task_done": true, "task_cancelled": true}, "timestamp": 1787306383354}
{"sessionId": "1c5371", "hypothesisId": "H2", "location": "request_lock.py:_await_cancelled", "message": "await_pulse_end", "data": {"task_done": true}, "timestamp": 1787306383354}
{"sessionId": "1c5371", "hypothesisId": "H1", "location": "controlled_client.py:_wait_graph_rpc", "message": "rpc_done", "data": {"cancelled": false, "exc": null, "cancel_set": false}, "timestamp": 1787306389381}
{"sessionId": "1c5371", "hypothesisId": "H2", "location": "request_lock.py:_await_cancelled", "message": "await_pulse_start", "data": {"task_done": false, "task_cancelled": false}, "timestamp": 1787306389382}
{"sessionId": "1c5371", "hypothesisId": "H2", "location": "request_lock.py:_await_cancelled", "message": "await_pulse_end", "data": {"task_done": true}, "timestamp": 1787306389382}
{"sessionId": "1c5371", "hypothesisId": "H2", "location": "request_lock.py:_await_cancelled", "message": "await_pulse_start", "data": {"task_done": true, "task_cancelled": true}, "timestamp": 1787306389383}
{"sessionId": "1c5371", "hypothesisId": "H2", "location": "request_lock.py:_await_cancelled", "message": "await_pulse_end", "data": {"task_done": true}, "timestamp": 1787306389384}
{"sessionId": "1c5371", "hypothesisId": "H2", "location": "request_lock.py:_await_cancelled", "message": "await_pulse_start", "data": {"task_done": true, "task_cancelled": true}, "timestamp": 1787306389384}
{"sessionId": "1c5371", "hypothesisId": "H2", "location": "request_lock.py:_await_cancelled", "message": "await_pulse_end", "data": {"task_done": true}, "timestamp": 1787306389385}
{"sessionId": "1c5371", "hypothesisId": "H2", "location": "request_lock.py:_await_cancelled", "message": "await_pulse_start", "data": {"task_done": true, "task_cancelled": true}, "timestamp": 1787306389386}
{"sessionId": "1c5371", "hypothesisId": "H2", "location": "request_lock.py:_await_cancelled", "message": "await_pulse_end", "data": {"task_done": true}, "timestamp": 1787306389386}
{"sessionId": "1c5371", "hypothesisId": "H1", "location": "controlled_client.py:_wait_graph_rpc", "message": "rpc_done", "data": {"cancelled": false, "exc": null, "cancel_set": false}, "timestamp": 1787306395413}
{"sessionId": "1c5371", "hypothesisId": "H2", "location": "request_lock.py:_await_cancelled", "message": "await_pulse_start", "data": {"task_done": false, "task_cancelled": false}, "timestamp": 1787306395414}
{"sessionId": "1c5371", "hypothesisId": "H2", "location": "request_lock.py:_await_cancelled", "message": "await_pulse_end", "data": {"task_done": true}, "timestamp": 1787306395414}
{"sessionId": "1c5371", "hypothesisId": "H2", "location": "request_lock.py:_await_cancelled", "message": "await_pulse_start", "data": {"task_done": true, "task_cancelled": true}, "timestamp": 1787306395415}
{"sessionId": "1c5371", "hypothesisId": "H2", "location": "request_lock.py:_await_cancelled", "message": "await_pulse_end", "data": {"task_done": true}, "timestamp": 1787306395415}
{"sessionId": "1c5371", "hypothesisId": "H2", "location": "request_lock.py:_await_cancelled", "message": "await_pulse_start", "data": {"task_done": true, "task_cancelled": true}, "timestamp": 1787306395415}
{"sessionId": "1c5371", "hypothesisId": "H2", "location": "request_lock.py:_await_cancelled", "message": "await_pulse_end", "data": {"task_done": true}, "timestamp": 1787306395416}
{"sessionId": "1c5371", "hypothesisId": "H2", "location": "request_lock.py:_await_cancelled", "message": "await_pulse_start", "data": {"task_done": true, "task_cancelled": true}, "timestamp": 1787306395416}
{"sessionId": "1c5371", "hypothesisId": "H2", "location": "request_lock.py:_await_cancelled", "message": "await_pulse_end", "data": {"task_done": true}, "timestamp": 1787306395416}
{"sessionId": "1c5371", "hypothesisId": "H1", "location": "controlled_client.py:_wait_graph_rpc", "message": "rpc_done", "data": {"cancelled": false, "exc": null, "cancel_set": false}, "timestamp": 1787306401382}
{"sessionId": "1c5371", "hypothesisId": "H2", "location": "request_lock.py:_await_cancelled", "message": "await_pulse_start", "data": {"task_done": false, "task_cancelled": false}, "timestamp": 1787306401383}
{"sessionId": "1c5371", "hypothesisId": "H2", "location": "request_lock.py:_await_cancelled", "message": "await_pulse_end", "data": {"task_done": true}, "timestamp": 1787306401384}
{"sessionId": "1c5371", "hypothesisId": "H2", "location": "request_lock.py:_await_cancelled", "message": "await_pulse_start", "data": {"task_done": true, "task_cancelled": true}, "timestamp": 1787306401384}
{"sessionId": "1c5371", "hypothesisId": "H2", "location": "request_lock.py:_await_cancelled", "message": "await_pulse_end", "data": {"task_done": true}, "timestamp": 1787306401385}
{"sessionId": "1c5371", "hypothesisId": "H2", "location": "request_lock.py:_await_cancelled", "message": "await_pulse_start", "data": {"task_done": true, "task_cancelled": true}, "timestamp": 1787306401385}
{"sessionId": "1c5371", "hypothesisId": "H2", "location": "request_lock.py:_await_cancelled", "message": "await_pulse_end", "data": {"task_done": true}, "timestamp": 1787306401385}
{"sessionId": "1c5371", "hypothesisId": "H2", "location": "request_lock.py:_await_cancelled", "message": "await_pulse_start", "data": {"task_done": true, "task_cancelled": true}, "timestamp": 1787306401386}
{"sessionId": "1c5371", "hypothesisId": "H2", "location": "request_lock.py:_await_cancelled", "message": "await_pulse_end", "data": {"task_done": true}, "timestamp": 1787306401386}
{"sessionId": "1c5371", "hypothesisId": "H1", "location": "controlled_client.py:_wait_graph_rpc", "message": "rpc_done", "data": {"cancelled": false, "exc": null, "cancel_set": false}, "timestamp": 1787306407496}
{"sessionId": "1c5371", "hypothesisId": "H2", "location": "request_lock.py:_await_cancelled", "message": "await_pulse_start", "data": {"task_done": false, "task_cancelled": false}, "timestamp": 1787306407498}
{"sessionId": "1c5371", "hypothesisId": "H2", "location": "request_lock.py:_await_cancelled", "message": "await_pulse_end", "data": {"task_done": true}, "timestamp": 1787306407499}
{"sessionId": "1c5371", "hypothesisId": "H2", "location": "request_lock.py:_await_cancelled", "message": "await_pulse_start", "data": {"task_done": true, "task_cancelled": true}, "timestamp": 1787306407499}
{"sessionId": "1c5371", "hypothesisId": "H2", "location": "request_lock.py:_await_cancelled", "message": "await_pulse_end", "data": {"task_done": true}, "timestamp": 1787306407500}
{"sessionId": "1c5371", "hypothesisId": "H2", "location": "request_lock.py:_await_cancelled", "message": "await_pulse_start", "data": {"task_done": true, "task_cancelled": true}, "timestamp": 1787306407501}
{"sessionId": "1c5371", "hypothesisId": "H2", "location": "request_lock.py:_await_cancelled", "message": "await_pulse_end", "data": {"task_done": true}, "timestamp": 1787306407502}
{"sessionId": "1c5371", "hypothesisId": "H2", "location": "request_lock.py:_await_cancelled", "message": "await_pulse_start", "data": {"task_done": true, "task_cancelled": true}, "timestamp": 1787306407502}
{"sessionId": "1c5371", "hypothesisId": "H2", "location": "request_lock.py:_await_cancelled", "message": "await_pulse_end", "data": {"task_done": true}, "timestamp": 1787306407503}
{"sessionId": "1c5371", "hypothesisId": "H1", "location": "controlled_client.py:_wait_graph_rpc", "message": "rpc_done", "data": {"cancelled": false, "exc": null, "cancel_set": false}, "timestamp": 1787306413432}
{"sessionId": "1c5371", "hypothesisId": "H2", "location": "request_lock.py:_await_cancelled", "message": "await_pulse_start", "data": {"task_done": false, "task_cancelled": false}, "timestamp": 1787306413433}
{"sessionId": "1c5371", "hypothesisId": "H2", "location": "request_lock.py:_await_cancelled", "message": "await_pulse_end", "data": {"task_done": true}, "timestamp": 1787306413434}
{"sessionId": "1c5371", "hypothesisId": "H2", "location": "request_lock.py:_await_cancelled", "message": "await_pulse_start", "data": {"task_done": true, "task_cancelled": true}, "timestamp": 1787306413435}
{"sessionId": "1c5371", "hypothesisId": "H2", "location": "request_lock.py:_await_cancelled", "message": "await_pulse_end", "data": {"task_done": true}, "timestamp": 1787306413436}
{"sessionId": "1c5371", "hypothesisId": "H2", "location": "request_lock.py:_await_cancelled", "message": "await_pulse_start", "data": {"task_done": true, "task_cancelled": true}, "timestamp": 1787306413437}
{"sessionId": "1c5371", "hypothesisId": "H2", "location": "request_lock.py:_await_cancelled", "message": "await_pulse_end", "data": {"task_done": true}, "timestamp": 1787306413437}
{"sessionId": "1c5371", "hypothesisId": "H2", "location": "request_lock.py:_await_cancelled", "message": "await_pulse_start", "data": {"task_done": true, "task_cancelled": true}, "timestamp": 1787306413438}
{"sessionId": "1c5371", "hypothesisId": "H2", "location": "request_lock.py:_await_cancelled", "message": "await_pulse_end", "data": {"task_done": true}, "timestamp": 1787306413441}
{"sessionId": "1c5371", "hypothesisId": "H1", "location": "controlled_client.py:_wait_graph_rpc", "message": "rpc_done", "data": {"cancelled": false, "exc": null, "cancel_set": false}, "timestamp": 1787306419538}
{"sessionId": "1c5371", "hypothesisId": "H2", "location": "request_lock.py:_await_cancelled", "message": "await_pulse_start", "data": {"task_done": false, "task_cancelled": false}, "timestamp": 1787306419541}
{"sessionId": "1c5371", "hypothesisId": "H2", "location": "request_lock.py:_await_cancelled", "message": "await_pulse_end", "data": {"task_done": true}, "timestamp": 1787306419543}
{"sessionId": "1c5371", "hypothesisId": "H2", "location": "request_lock.py:_await_cancelled", "message": "await_pulse_start", "data": {"task_done": true, "task_cancelled": true}, "timestamp": 1787306419544}
{"sessionId": "1c5371", "hypothesisId": "H2", "location": "request_lock.py:_await_cancelled", "message": "await_pulse_end", "data": {"task_done": true}, "timestamp": 1787306419545}
{"sessionId": "1c5371", "hypothesisId": "H2", "location": "request_lock.py:_await_cancelled", "message": "await_pulse_start", "data": {"task_done": true, "task_cancelled": true}, "timestamp": 1787306419546}
{"sessionId": "1c5371", "hypothesisId": "H2", "location": "request_lock.py:_await_cancelled", "message": "await_pulse_end", "data": {"task_done": true}, "timestamp": 1787306419548}
{"sessionId": "1c5371", "hypothesisId": "H2", "location": "request_lock.py:_await_cancelled", "message": "await_pulse_start", "data": {"task_done": true, "task_cancelled": true}, "timestamp": 1787306419549}
{"sessionId": "1c5371", "hypothesisId": "H2", "location": "request_lock.py:_await_cancelled", "message": "await_pulse_end", "data": {"task_done": true}, "timestamp": 1787306419549}
{"sessionId": "1c5371", "hypothesisId": "H1", "location": "controlled_client.py:_wait_graph_rpc", "message": "rpc_done", "data": {"cancelled": false, "exc": null, "cancel_set": false}, "timestamp": 1787306425478}
{"sessionId": "1c5371", "hypothesisId": "H2", "location": "request_lock.py:_await_cancelled", "message": "await_pulse_start", "data": {"task_done": false, "task_cancelled": false}, "timestamp": 1787306425480}
{"sessionId": "1c5371", "hypothesisId": "H2", "location": "request_lock.py:_await_cancelled", "message": "await_pulse_end", "data": {"task_done": true}, "timestamp": 1787306425480}
{"sessionId": "1c5371", "hypothesisId": "H2", "location": "request_lock.py:_await_cancelled", "message": "await_pulse_start", "data": {"task_done": true, "task_cancelled": true}, "timestamp": 1787306425481}
{"sessionId": "1c5371", "hypothesisId": "H2", "location": "request_lock.py:_await_cancelled", "message": "await_pulse_end", "data": {"task_done": true}, "timestamp": 1787306425482}
{"sessionId": "1c5371", "hypothesisId": "H2", "location": "request_lock.py:_await_cancelled", "message": "await_pulse_start", "data": {"task_done": true, "task_cancelled": true}, "timestamp": 1787306425483}
{"sessionId": "1c5371", "hypothesisId": "H2", "location": "request_lock.py:_await_cancelled", "message": "await_pulse_end", "data": {"task_done": true}, "timestamp": 1787306425484}
{"sessionId": "1c5371", "hypothesisId": "H2", "location": "request_lock.py:_await_cancelled", "message": "await_pulse_start", "data": {"task_done": true, "task_cancelled": true}, "timestamp": 1787306425484}
{"sessionId": "1c5371", "hypothesisId": "H2", "location": "request_lock.py:_await_cancelled", "message": "await_pulse_end", "data": {"task_done": true}, "timestamp": 1787306425485}
{"sessionId": "1c5371", "hypothesisId": "H1", "location": "controlled_client.py:_wait_graph_rpc", "message": "rpc_done", "data": {"cancelled": false, "exc": null, "cancel_set": false}, "timestamp": 1787306431539}
{"sessionId": "1c5371", "hypothesisId": "H2", "location": "request_lock.py:_await_cancelled", "message": "await_pulse_start", "data": {"task_done": false, "task_cancelled": false}, "timestamp": 1787306431541}
{"sessionId": "1c5371", "hypothesisId": "H2", "location": "request_lock.py:_await_cancelled", "message": "await_pulse_end", "data": {"task_done": true}, "timestamp": 1787306431542}
{"sessionId": "1c5371", "hypothesisId": "H2", "location": "request_lock.py:_await_cancelled", "message": "await_pulse_start", "data": {"task_done": true, "task_cancelled": true}, "timestamp": 1787306431543}
{"sessionId": "1c5371", "hypothesisId": "H2", "location": "request_lock.py:_await_cancelled", "message": "await_pulse_end", "data": {"task_done": true}, "timestamp": 1787306431543}
{"sessionId": "1c5371", "hypothesisId": "H2", "location": "request_lock.py:_await_cancelled", "message": "await_pulse_start", "data": {"task_done": true, "task_cancelled": true}, "timestamp": 1787306431545}
{"sessionId": "1c5371", "hypothesisId": "H2", "location": "request_lock.py:_await_cancelled", "message": "await_pulse_end", "data": {"task_done": true}, "timestamp": 1787306431545}
{"sessionId": "1c5371", "hypothesisId": "H2", "location": "request_lock.py:_await_cancelled", "message": "await_pulse_start", "data": {"task_done": true, "task_cancelled": true}, "timestamp": 1787306431546}
{"sessionId": "1c5371", "hypothesisId": "H2", "location": "request_lock.py:_await_cancelled", "message": "await_pulse_end", "data": {"task_done": true}, "timestamp": 1787306431547}
{"sessionId": "1c5371", "hypothesisId": "H1", "location": "controlled_client.py:_wait_graph_rpc", "message": "rpc_done", "data": {"cancelled": false, "exc": null, "cancel_set": false}, "timestamp": 1787306437510}
{"sessionId": "1c5371", "hypothesisId": "H2", "location": "request_lock.py:_await_cancelled", "message": "await_pulse_start", "data": {"task_done": false, "task_cancelled": false}, "timestamp": 1787306437512}
{"sessionId": "1c5371", "hypothesisId": "H2", "location": "request_lock.py:_await_cancelled", "message": "await_pulse_end", "data": {"task_done": true}, "timestamp": 1787306437512}
{"sessionId": "1c5371", "hypothesisId": "H2", "location": "request_lock.py:_await_cancelled", "message": "await_pulse_start", "data": {"task_done": true, "task_cancelled": true}, "timestamp": 1787306437513}
{"sessionId": "1c5371", "hypothesisId": "H2", "location": "request_lock.py:_await_cancelled", "message": "await_pulse_end", "data": {"task_done": true}, "timestamp": 1787306437514}
{"sessionId": "1c5371", "hypothesisId": "H2", "location": "request_lock.py:_await_cancelled", "message": "await_pulse_start", "data": {"task_done": true, "task_cancelled": true}, "timestamp": 1787306437515}
{"sessionId": "1c5371", "hypothesisId": "H2", "location": "request_lock.py:_await_cancelled", "message": "await_pulse_end", "data": {"task_done": true}, "timestamp": 1787306437515}
{"sessionId": "1c5371", "hypothesisId": "H2", "location": "request_lock.py:_await_cancelled", "message": "await_pulse_start", "data": {"task_done": true, "task_cancelled": true}, "timestamp": 1787306437515}
{"sessionId": "1c5371", "hypothesisId": "H2", "location": "request_lock.py:_await_cancelled", "message": "await_pulse_end", "data": {"task_done": true}, "timestamp": 1787306437516}
{"sessionId": "1c5371", "hypothesisId": "H1", "location": "controlled_client.py:_wait_graph_rpc", "message": "rpc_done", "data": {"cancelled": false, "exc": null, "cancel_set": false}, "timestamp": 1787306443609}
{"sessionId": "1c5371", "hypothesisId": "H2", "location": "request_lock.py:_await_cancelled", "message": "await_pulse_start", "data": {"task_done": false, "task_cancelled": false}, "timestamp": 1787306443610}
{"sessionId": "1c5371", "hypothesisId": "H2", "location": "request_lock.py:_await_cancelled", "message": "await_pulse_end", "data": {"task_done": true}, "timestamp": 1787306443610}
{"sessionId": "1c5371", "hypothesisId": "H2", "location": "request_lock.py:_await_cancelled", "message": "await_pulse_start", "data": {"task_done": true, "task_cancelled": true}, "timestamp": 1787306443611}
{"sessionId": "1c5371", "hypothesisId": "H2", "location": "request_lock.py:_await_cancelled", "message": "await_pulse_end", "data": {"task_done": true}, "timestamp": 1787306443612}
{"sessionId": "1c5371", "hypothesisId": "H2", "location": "request_lock.py:_await_cancelled", "message": "await_pulse_start", "data": {"task_done": true, "task_cancelled": true}, "timestamp": 1787306443612}
{"sessionId": "1c5371", "hypothesisId": "H2", "location": "request_lock.py:_await_cancelled", "message": "await_pulse_end", "data": {"task_done": true}, "timestamp": 1787306443612}
{"sessionId": "1c5371", "hypothesisId": "H2", "location": "request_lock.py:_await_cancelled", "message": "await_pulse_start", "data": {"task_done": true, "task_cancelled": true}, "timestamp": 1787306443613}
{"sessionId": "1c5371", "hypothesisId": "H2", "location": "request_lock.py:_await_cancelled", "message": "await_pulse_end", "data": {"task_done": true}, "timestamp": 1787306443613}
{"sessionId": "1c5371", "hypothesisId": "H1", "location": "controlled_client.py:_wait_graph_rpc", "message": "rpc_done", "data": {"cancelled": false, "exc": null, "cancel_set": false}, "timestamp": 1787306449540}
{"sessionId": "1c5371", "hypothesisId": "H2", "location": "request_lock.py:_await_cancelled", "message": "await_pulse_start", "data": {"task_done": false, "task_cancelled": false}, "timestamp": 1787306449541}
{"sessionId": "1c5371", "hypothesisId": "H2", "location": "request_lock.py:_await_cancelled", "message": "await_pulse_end", "data": {"task_done": true}, "timestamp": 1787306449543}
{"sessionId": "1c5371", "hypothesisId": "H2", "location": "request_lock.py:_await_cancelled", "message": "await_pulse_start", "data": {"task_done": true, "task_cancelled": true}, "timestamp": 1787306449543}
{"sessionId": "1c5371", "hypothesisId": "H2", "location": "request_lock.py:_await_cancelled", "message": "await_pulse_end", "data": {"task_done": true}, "timestamp": 1787306449544}
{"sessionId": "1c5371", "hypothesisId": "H2", "location": "request_lock.py:_await_cancelled", "message": "await_pulse_start", "data": {"task_done": true, "task_cancelled": true}, "timestamp": 1787306449545}
{"sessionId": "1c5371", "hypothesisId": "H2", "location": "request_lock.py:_await_cancelled", "message": "await_pulse_end", "data": {"task_done": true}, "timestamp": 1787306449545}
{"sessionId": "1c5371", "hypothesisId": "H2", "location": "request_lock.py:_await_cancelled", "message": "await_pulse_start", "data": {"task_done": true, "task_cancelled": true}, "timestamp": 1787306449546}
{"sessionId": "1c5371", "hypothesisId": "H2", "location": "request_lock.py:_await_cancelled", "message": "await_pulse_end", "data": {"task_done": true}, "timestamp": 1787306449547}
{"sessionId": "1c5371", "hypothesisId": "H1", "location": "controlled_client.py:_wait_graph_rpc", "message": "rpc_done", "data": {"cancelled": false, "exc": null, "cancel_set": false}, "timestamp": 1787306455568}
{"sessionId": "1c5371", "hypothesisId": "H2", "location": "request_lock.py:_await_cancelled", "message": "await_pulse_start", "data": {"task_done": false, "task_cancelled": false}, "timestamp": 1787306455570}
{"sessionId": "1c5371", "hypothesisId": "H2", "location": "request_lock.py:_await_cancelled", "message": "await_pulse_end", "data": {"task_done": true}, "timestamp": 1787306455570}
{"sessionId": "1c5371", "hypothesisId": "H2", "location": "request_lock.py:_await_cancelled", "message": "await_pulse_start", "data": {"task_done": true, "task_cancelled": true}, "timestamp": 1787306455571}
{"sessionId": "1c5371", "hypothesisId": "H2", "location": "request_lock.py:_await_cancelled", "message": "await_pulse_end", "data": {"task_done": true}, "timestamp": 1787306455572}
{"sessionId": "1c5371", "hypothesisId": "H2", "location": "request_lock.py:_await_cancelled", "message": "await_pulse_start", "data": {"task_done": true, "task_cancelled": true}, "timestamp": 1787306455573}
{"sessionId": "1c5371", "hypothesisId": "H2", "location": "request_lock.py:_await_cancelled", "message": "await_pulse_end", "data": {"task_done": true}, "timestamp": 1787306455573}
{"sessionId": "1c5371", "hypothesisId": "H2", "location": "request_lock.py:_await_cancelled", "message": "await_pulse_start", "data": {"task_done": true, "task_cancelled": true}, "timestamp": 1787306455574}
{"sessionId": "1c5371", "hypothesisId": "H2", "location": "request_lock.py:_await_cancelled", "message": "await_pulse_end", "data": {"task_done": true}, "timestamp": 1787306455574}
{"sessionId": "1c5371", "hypothesisId": "H1", "location": "controlled_client.py:_wait_graph_rpc", "message": "rpc_done", "data": {"cancelled": false, "exc": "ChannelInvalidError", "cancel_set": false}, "timestamp": 1787306461639}
{"sessionId": "1c5371", "hypothesisId": "H2", "location": "request_lock.py:_await_cancelled", "message": "await_pulse_start", "data": {"task_done": false, "task_cancelled": false}, "timestamp": 1787306461640}
{"sessionId": "1c5371", "hypothesisId": "H2", "location": "request_lock.py:_await_cancelled", "message": "await_pulse_end", "data": {"task_done": true}, "timestamp": 1787306461640}
{"sessionId": "1c5371", "hypothesisId": "H2", "location": "request_lock.py:_await_cancelled", "message": "await_pulse_start", "data": {"task_done": true, "task_cancelled": true}, "timestamp": 1787306461640}
{"sessionId": "1c5371", "hypothesisId": "H2", "location": "request_lock.py:_await_cancelled", "message": "await_pulse_end", "data": {"task_done": true}, "timestamp": 1787306461641}
{"sessionId": "1c5371", "hypothesisId": "H2", "location": "request_lock.py:_await_cancelled", "message": "await_pulse_start", "data": {"task_done": true, "task_cancelled": true}, "timestamp": 1787306461641}
{"sessionId": "1c5371", "hypothesisId": "H2", "location": "request_lock.py:_await_cancelled", "message": "await_pulse_end", "data": {"task_done": true}, "timestamp": 1787306461641}
{"sessionId": "1c5371", "hypothesisId": "H2", "location": "request_lock.py:_await_cancelled", "message": "await_pulse_start", "data": {"task_done": true, "task_cancelled": true}, "timestamp": 1787306461641}
{"sessionId": "1c5371", "hypothesisId": "H2", "location": "request_lock.py:_await_cancelled", "message": "await_pulse_end", "data": {"task_done": true}, "timestamp": 1787306461642}
{"sessionId": "1c5371", "hypothesisId": "H3", "location": "error_mapping.py:_map_telethon_error", "message": "mapped_inaccessible", "data": {"exc": "ChannelInvalidError"}, "timestamp": 1787306461642, "runId": "post-fix"}
{"sessionId": "1c5371", "hypothesisId": "H4", "location": "graph_timeout.py:skip_remaining_graph_stages", "message": "node_skipped", "data": {"key": "peer:1460940481", "timeout_total": 0, "run_id": 33}, "timestamp": 1787306461642}
{"sessionId": "1c5371", "hypothesisId": "H1", "location": "controlled_client.py:_wait_graph_rpc", "message": "rpc_done", "data": {"cancelled": false, "exc": "ChannelInvalidError", "cancel_set": false}, "timestamp": 1787306468258}
{"sessionId": "1c5371", "hypothesisId": "H2", "location": "request_lock.py:_await_cancelled", "message": "await_pulse_start", "data": {"task_done": false, "task_cancelled": false}, "timestamp": 1787306468258}
{"sessionId": "1c5371", "hypothesisId": "H2", "location": "request_lock.py:_await_cancelled", "message": "await_pulse_end", "data": {"task_done": true}, "timestamp": 1787306468259}
{"sessionId": "1c5371", "hypothesisId": "H2", "location": "request_lock.py:_await_cancelled", "message": "await_pulse_start", "data": {"task_done": true, "task_cancelled": true}, "timestamp": 1787306468260}
{"sessionId": "1c5371", "hypothesisId": "H2", "location": "request_lock.py:_await_cancelled", "message": "await_pulse_end", "data": {"task_done": true}, "timestamp": 1787306468260}
{"sessionId": "1c5371", "hypothesisId": "H2", "location": "request_lock.py:_await_cancelled", "message": "await_pulse_start", "data": {"task_done": true, "task_cancelled": true}, "timestamp": 1787306468260}
{"sessionId": "1c5371", "hypothesisId": "H2", "location": "request_lock.py:_await_cancelled", "message": "await_pulse_end", "data": {"task_done": true}, "timestamp": 1787306468261}
{"sessionId": "1c5371", "hypothesisId": "H2", "location": "request_lock.py:_await_cancelled", "message": "await_pulse_start", "data": {"task_done": true, "task_cancelled": true}, "timestamp": 1787306468261}
{"sessionId": "1c5371", "hypothesisId": "H2", "location": "request_lock.py:_await_cancelled", "message": "await_pulse_end", "data": {"task_done": true}, "timestamp": 1787306468261}
{"sessionId": "1c5371", "hypothesisId": "H3", "location": "error_mapping.py:_map_telethon_error", "message": "mapped_inaccessible", "data": {"exc": "ChannelInvalidError"}, "timestamp": 1787306468262, "runId": "post-fix"}
{"sessionId": "1c5371", "hypothesisId": "H4", "location": "graph_timeout.py:skip_remaining_graph_stages", "message": "node_skipped", "data": {"key": "peer:1674990228", "timeout_total": 0, "run_id": 33}, "timestamp": 1787306468275}
{"sessionId": "1c5371", "hypothesisId": "H1", "location": "controlled_client.py:_wait_graph_rpc", "message": "rpc_done", "data": {"cancelled": false, "exc": "ChannelInvalidError", "cancel_set": false}, "timestamp": 1787306474140}
{"sessionId": "1c5371", "hypothesisId": "H2", "location": "request_lock.py:_await_cancelled", "message": "await_pulse_start", "data": {"task_done": false, "task_cancelled": false}, "timestamp": 1787306474142}
{"sessionId": "1c5371", "hypothesisId": "H2", "location": "request_lock.py:_await_cancelled", "message": "await_pulse_end", "data": {"task_done": true}, "timestamp": 1787306474142}
{"sessionId": "1c5371", "hypothesisId": "H2", "location": "request_lock.py:_await_cancelled", "message": "await_pulse_start", "data": {"task_done": true, "task_cancelled": true}, "timestamp": 1787306474143}
{"sessionId": "1c5371", "hypothesisId": "H2", "location": "request_lock.py:_await_cancelled", "message": "await_pulse_end", "data": {"task_done": true}, "timestamp": 1787306474143}
{"sessionId": "1c5371", "hypothesisId": "H2", "location": "request_lock.py:_await_cancelled", "message": "await_pulse_start", "data": {"task_done": true, "task_cancelled": true}, "timestamp": 1787306474143}
{"sessionId": "1c5371", "hypothesisId": "H2", "location": "request_lock.py:_await_cancelled", "message": "await_pulse_end", "data": {"task_done": true}, "timestamp": 1787306474144}
{"sessionId": "1c5371", "hypothesisId": "H2", "location": "request_lock.py:_await_cancelled", "message": "await_pulse_start", "data": {"task_done": true, "task_cancelled": true}, "timestamp": 1787306474144}
{"sessionId": "1c5371", "hypothesisId": "H2", "location": "request_lock.py:_await_cancelled", "message": "await_pulse_end", "data": {"task_done": true}, "timestamp": 1787306474145}
{"sessionId": "1c5371", "hypothesisId": "H3", "location": "error_mapping.py:_map_telethon_error", "message": "mapped_inaccessible", "data": {"exc": "ChannelInvalidError"}, "timestamp": 1787306474151, "runId": "post-fix"}
{"sessionId": "1c5371", "hypothesisId": "H4", "location": "graph_timeout.py:skip_remaining_graph_stages", "message": "node_skipped", "data": {"key": "peer:1783072185", "timeout_total": 0, "run_id": 33}, "timestamp": 1787306474152}
{"sessionId": "1c5371", "hypothesisId": "H1", "location": "controlled_client.py:_wait_graph_rpc", "message": "rpc_done", "data": {"cancelled": false, "exc": null, "cancel_set": false}, "timestamp": 1787306480573}
{"sessionId": "1c5371", "hypothesisId": "H2", "location": "request_lock.py:_await_cancelled", "message": "await_pulse_start", "data": {"task_done": false, "task_cancelled": false}, "timestamp": 1787306480574}
{"sessionId": "1c5371", "hypothesisId": "H2", "location": "request_lock.py:_await_cancelled", "message": "await_pulse_end", "data": {"task_done": true}, "timestamp": 1787306480574}
{"sessionId": "1c5371", "hypothesisId": "H2", "location": "request_lock.py:_await_cancelled", "message": "await_pulse_start", "data": {"task_done": true, "task_cancelled": true}, "timestamp": 1787306480574}
{"sessionId": "1c5371", "hypothesisId": "H2", "location": "request_lock.py:_await_cancelled", "message": "await_pulse_end", "data": {"task_done": true}, "timestamp": 1787306480575}
{"sessionId": "1c5371", "hypothesisId": "H2", "location": "request_lock.py:_await_cancelled", "message": "await_pulse_start", "data": {"task_done": true, "task_cancelled": true}, "timestamp": 1787306480575}
{"sessionId": "1c5371", "hypothesisId": "H2", "location": "request_lock.py:_await_cancelled", "message": "await_pulse_end", "data": {"task_done": true}, "timestamp": 1787306480575}
{"sessionId": "1c5371", "hypothesisId": "H2", "location": "request_lock.py:_await_cancelled", "message": "await_pulse_start", "data": {"task_done": true, "task_cancelled": true}, "timestamp": 1787306480576}
{"sessionId": "1c5371", "hypothesisId": "H2", "location": "request_lock.py:_await_cancelled", "message": "await_pulse_end", "data": {"task_done": true}, "timestamp": 1787306480576}
{"sessionId": "1c5371", "hypothesisId": "H1", "location": "controlled_client.py:_wait_graph_rpc", "message": "rpc_done", "data": {"cancelled": false, "exc": null, "cancel_set": false}, "timestamp": 1787306486064}
{"sessionId": "1c5371", "hypothesisId": "H2", "location": "request_lock.py:_await_cancelled", "message": "await_pulse_start", "data": {"task_done": false, "task_cancelled": false}, "timestamp": 1787306486065}
{"sessionId": "1c5371", "hypothesisId": "H2", "location": "request_lock.py:_await_cancelled", "message": "await_pulse_end", "data": {"task_done": true}, "timestamp": 1787306486065}
{"sessionId": "1c5371", "hypothesisId": "H2", "location": "request_lock.py:_await_cancelled", "message": "await_pulse_start", "data": {"task_done": true, "task_cancelled": true}, "timestamp": 1787306486066}
{"sessionId": "1c5371", "hypothesisId": "H2", "location": "request_lock.py:_await_cancelled", "message": "await_pulse_end", "data": {"task_done": true}, "timestamp": 1787306486066}
{"sessionId": "1c5371", "hypothesisId": "H2", "location": "request_lock.py:_await_cancelled", "message": "await_pulse_start", "data": {"task_done": true, "task_cancelled": true}, "timestamp": 1787306486068}
{"sessionId": "1c5371", "hypothesisId": "H2", "location": "request_lock.py:_await_cancelled", "message": "await_pulse_end", "data": {"task_done": true}, "timestamp": 1787306486068}
{"sessionId": "1c5371", "hypothesisId": "H2", "location": "request_lock.py:_await_cancelled", "message": "await_pulse_start", "data": {"task_done": true, "task_cancelled": true}, "timestamp": 1787306486069}
{"sessionId": "1c5371", "hypothesisId": "H2", "location": "request_lock.py:_await_cancelled", "message": "await_pulse_end", "data": {"task_done": true}, "timestamp": 1787306486069}
{"sessionId": "1c5371", "hypothesisId": "H1", "location": "controlled_client.py:_wait_graph_rpc", "message": "rpc_done", "data": {"cancelled": false, "exc": null, "cancel_set": false}, "timestamp": 1787306492136}
{"sessionId": "1c5371", "hypothesisId": "H2", "location": "request_lock.py:_await_cancelled", "message": "await_pulse_start", "data": {"task_done": false, "task_cancelled": false}, "timestamp": 1787306492136}
{"sessionId": "1c5371", "hypothesisId": "H2", "location": "request_lock.py:_await_cancelled", "message": "await_pulse_end", "data": {"task_done": true}, "timestamp": 1787306492137}
{"sessionId": "1c5371", "hypothesisId": "H2", "location": "request_lock.py:_await_cancelled", "message": "await_pulse_start", "data": {"task_done": true, "task_cancelled": true}, "timestamp": 1787306492138}
{"sessionId": "1c5371", "hypothesisId": "H2", "location": "request_lock.py:_await_cancelled", "message": "await_pulse_end", "data": {"task_done": true}, "timestamp": 1787306492139}
{"sessionId": "1c5371", "hypothesisId": "H2", "location": "request_lock.py:_await_cancelled", "message": "await_pulse_start", "data": {"task_done": true, "task_cancelled": true}, "timestamp": 1787306492139}
{"sessionId": "1c5371", "hypothesisId": "H2", "location": "request_lock.py:_await_cancelled", "message": "await_pulse_end", "data": {"task_done": true}, "timestamp": 1787306492141}
{"sessionId": "1c5371", "hypothesisId": "H2", "location": "request_lock.py:_await_cancelled", "message": "await_pulse_start", "data": {"task_done": true, "task_cancelled": true}, "timestamp": 1787306492141}
{"sessionId": "1c5371", "hypothesisId": "H2", "location": "request_lock.py:_await_cancelled", "message": "await_pulse_end", "data": {"task_done": true}, "timestamp": 1787306492143}
{"sessionId": "1c5371", "hypothesisId": "H1", "location": "controlled_client.py:_wait_graph_rpc", "message": "rpc_done", "data": {"cancelled": false, "exc": null, "cancel_set": false}, "timestamp": 1787306498102}
{"sessionId": "1c5371", "hypothesisId": "H2", "location": "request_lock.py:_await_cancelled", "message": "await_pulse_start", "data": {"task_done": false, "task_cancelled": false}, "timestamp": 1787306498102}
{"sessionId": "1c5371", "hypothesisId": "H2", "location": "request_lock.py:_await_cancelled", "message": "await_pulse_end", "data": {"task_done": true}, "timestamp": 1787306498102}
{"sessionId": "1c5371", "hypothesisId": "H2", "location": "request_lock.py:_await_cancelled", "message": "await_pulse_start", "data": {"task_done": true, "task_cancelled": true}, "timestamp": 1787306498103}
{"sessionId": "1c5371", "hypothesisId": "H2", "location": "request_lock.py:_await_cancelled", "message": "await_pulse_end", "data": {"task_done": true}, "timestamp": 1787306498103}
{"sessionId": "1c5371", "hypothesisId": "H2", "location": "request_lock.py:_await_cancelled", "message": "await_pulse_start", "data": {"task_done": true, "task_cancelled": true}, "timestamp": 1787306498104}
{"sessionId": "1c5371", "hypothesisId": "H2", "location": "request_lock.py:_await_cancelled", "message": "await_pulse_end", "data": {"task_done": true}, "timestamp": 1787306498104}
{"sessionId": "1c5371", "hypothesisId": "H2", "location": "request_lock.py:_await_cancelled", "message": "await_pulse_start", "data": {"task_done": true, "task_cancelled": true}, "timestamp": 1787306498104}
{"sessionId": "1c5371", "hypothesisId": "H2", "location": "request_lock.py:_await_cancelled", "message": "await_pulse_end", "data": {"task_done": true}, "timestamp": 1787306498104}
{"sessionId": "1c5371", "hypothesisId": "H1", "location": "controlled_client.py:_wait_graph_rpc", "message": "rpc_done", "data": {"cancelled": false, "exc": null, "cancel_set": false}, "timestamp": 1787306504164}
{"sessionId": "1c5371", "hypothesisId": "H2", "location": "request_lock.py:_await_cancelled", "message": "await_pulse_start", "data": {"task_done": false, "task_cancelled": false}, "timestamp": 1787306504165}
{"sessionId": "1c5371", "hypothesisId": "H2", "location": "request_lock.py:_await_cancelled", "message": "await_pulse_end", "data": {"task_done": true}, "timestamp": 1787306504166}
{"sessionId": "1c5371", "hypothesisId": "H2", "location": "request_lock.py:_await_cancelled", "message": "await_pulse_start", "data": {"task_done": true, "task_cancelled": true}, "timestamp": 1787306504167}
{"sessionId": "1c5371", "hypothesisId": "H2", "location": "request_lock.py:_await_cancelled", "message": "await_pulse_end", "data": {"task_done": true}, "timestamp": 1787306504168}
{"sessionId": "1c5371", "hypothesisId": "H2", "location": "request_lock.py:_await_cancelled", "message": "await_pulse_start", "data": {"task_done": true, "task_cancelled": true}, "timestamp": 1787306504169}
{"sessionId": "1c5371", "hypothesisId": "H2", "location": "request_lock.py:_await_cancelled", "message": "await_pulse_end", "data": {"task_done": true}, "timestamp": 1787306504170}
{"sessionId": "1c5371", "hypothesisId": "H2", "location": "request_lock.py:_await_cancelled", "message": "await_pulse_start", "data": {"task_done": true, "task_cancelled": true}, "timestamp": 1787306504171}
{"sessionId": "1c5371", "hypothesisId": "H2", "location": "request_lock.py:_await_cancelled", "message": "await_pulse_end", "data": {"task_done": true}, "timestamp": 1787306504172}
{"sessionId": "1c5371", "hypothesisId": "H1", "location": "controlled_client.py:_wait_graph_rpc", "message": "rpc_done", "data": {"cancelled": false, "exc": null, "cancel_set": false}, "timestamp": 1787306510166}
{"sessionId": "1c5371", "hypothesisId": "H2", "location": "request_lock.py:_await_cancelled", "message": "await_pulse_start", "data": {"task_done": false, "task_cancelled": false}, "timestamp": 1787306510167}
{"sessionId": "1c5371", "hypothesisId": "H2", "location": "request_lock.py:_await_cancelled", "message": "await_pulse_end", "data": {"task_done": true}, "timestamp": 1787306510168}
{"sessionId": "1c5371", "hypothesisId": "H2", "location": "request_lock.py:_await_cancelled", "message": "await_pulse_start", "data": {"task_done": true, "task_cancelled": true}, "timestamp": 1787306510170}
{"sessionId": "1c5371", "hypothesisId": "H2", "location": "request_lock.py:_await_cancelled", "message": "await_pulse_end", "data": {"task_done": true}, "timestamp": 1787306510171}
{"sessionId": "1c5371", "hypothesisId": "H2", "location": "request_lock.py:_await_cancelled", "message": "await_pulse_start", "data": {"task_done": true, "task_cancelled": true}, "timestamp": 1787306510171}
{"sessionId": "1c5371", "hypothesisId": "H2", "location": "request_lock.py:_await_cancelled", "message": "await_pulse_end", "data": {"task_done": true}, "timestamp": 1787306510173}
{"sessionId": "1c5371", "hypothesisId": "H2", "location": "request_lock.py:_await_cancelled", "message": "await_pulse_start", "data": {"task_done": true, "task_cancelled": true}, "timestamp": 1787306510174}
{"sessionId": "1c5371", "hypothesisId": "H2", "location": "request_lock.py:_await_cancelled", "message": "await_pulse_end", "data": {"task_done": true}, "timestamp": 1787306510176}
{"sessionId": "1c5371", "hypothesisId": "H1", "location": "controlled_client.py:_wait_graph_rpc", "message": "rpc_done", "data": {"cancelled": false, "exc": null, "cancel_set": false}, "timestamp": 1787306516287}
{"sessionId": "1c5371", "hypothesisId": "H2", "location": "request_lock.py:_await_cancelled", "message": "await_pulse_start", "data": {"task_done": false, "task_cancelled": false}, "timestamp": 1787306516288}
{"sessionId": "1c5371", "hypothesisId": "H2", "location": "request_lock.py:_await_cancelled", "message": "await_pulse_end", "data": {"task_done": true}, "timestamp": 1787306516290}
{"sessionId": "1c5371", "hypothesisId": "H2", "location": "request_lock.py:_await_cancelled", "message": "await_pulse_start", "data": {"task_done": true, "task_cancelled": true}, "timestamp": 1787306516291}
{"sessionId": "1c5371", "hypothesisId": "H2", "location": "request_lock.py:_await_cancelled", "message": "await_pulse_end", "data": {"task_done": true}, "timestamp": 1787306516292}
{"sessionId": "1c5371", "hypothesisId": "H2", "location": "request_lock.py:_await_cancelled", "message": "await_pulse_start", "data": {"task_done": true, "task_cancelled": true}, "timestamp": 1787306516292}
{"sessionId": "1c5371", "hypothesisId": "H2", "location": "request_lock.py:_await_cancelled", "message": "await_pulse_end", "data": {"task_done": true}, "timestamp": 1787306516293}
{"sessionId": "1c5371", "hypothesisId": "H2", "location": "request_lock.py:_await_cancelled", "message": "await_pulse_start", "data": {"task_done": true, "task_cancelled": true}, "timestamp": 1787306516293}
{"sessionId": "1c5371", "hypothesisId": "H2", "location": "request_lock.py:_await_cancelled", "message": "await_pulse_end", "data": {"task_done": true}, "timestamp": 1787306516294}
{"sessionId": "1c5371", "hypothesisId": "H1", "location": "controlled_client.py:_wait_graph_rpc", "message": "rpc_done", "data": {"cancelled": false, "exc": null, "cancel_set": false}, "timestamp": 1787306522150}
{"sessionId": "1c5371", "hypothesisId": "H2", "location": "request_lock.py:_await_cancelled", "message": "await_pulse_start", "data": {"task_done": false, "task_cancelled": false}, "timestamp": 1787306522151}
{"sessionId": "1c5371", "hypothesisId": "H2", "location": "request_lock.py:_await_cancelled", "message": "await_pulse_end", "data": {"task_done": true}, "timestamp": 1787306522153}
{"sessionId": "1c5371", "hypothesisId": "H2", "location": "request_lock.py:_await_cancelled", "message": "await_pulse_start", "data": {"task_done": true, "task_cancelled": true}, "timestamp": 1787306522155}
{"sessionId": "1c5371", "hypothesisId": "H2", "location": "request_lock.py:_await_cancelled", "message": "await_pulse_end", "data": {"task_done": true}, "timestamp": 1787306522156}
{"sessionId": "1c5371", "hypothesisId": "H2", "location": "request_lock.py:_await_cancelled", "message": "await_pulse_start", "data": {"task_done": true, "task_cancelled": true}, "timestamp": 1787306522158}
{"sessionId": "1c5371", "hypothesisId": "H2", "location": "request_lock.py:_await_cancelled", "message": "await_pulse_end", "data": {"task_done": true}, "timestamp": 1787306522159}
{"sessionId": "1c5371", "hypothesisId": "H2", "location": "request_lock.py:_await_cancelled", "message": "await_pulse_start", "data": {"task_done": true, "task_cancelled": true}, "timestamp": 1787306522161}
{"sessionId": "1c5371", "hypothesisId": "H2", "location": "request_lock.py:_await_cancelled", "message": "await_pulse_end", "data": {"task_done": true}, "timestamp": 1787306522161}
{"sessionId": "1c5371", "hypothesisId": "H1", "location": "controlled_client.py:_wait_graph_rpc", "message": "rpc_done", "data": {"cancelled": false, "exc": null, "cancel_set": false}, "timestamp": 1787306528193}
{"sessionId": "1c5371", "hypothesisId": "H2", "location": "request_lock.py:_await_cancelled", "message": "await_pulse_start", "data": {"task_done": false, "task_cancelled": false}, "timestamp": 1787306528194}
{"sessionId": "1c5371", "hypothesisId": "H2", "location": "request_lock.py:_await_cancelled", "message": "await_pulse_end", "data": {"task_done": true}, "timestamp": 1787306528194}
{"sessionId": "1c5371", "hypothesisId": "H2", "location": "request_lock.py:_await_cancelled", "message": "await_pulse_start", "data": {"task_done": true, "task_cancelled": true}, "timestamp": 1787306528195}
{"sessionId": "1c5371", "hypothesisId": "H2", "location": "request_lock.py:_await_cancelled", "message": "await_pulse_end", "data": {"task_done": true}, "timestamp": 1787306528195}
{"sessionId": "1c5371", "hypothesisId": "H2", "location": "request_lock.py:_await_cancelled", "message": "await_pulse_start", "data": {"task_done": true, "task_cancelled": true}, "timestamp": 1787306528195}
{"sessionId": "1c5371", "hypothesisId": "H2", "location": "request_lock.py:_await_cancelled", "message": "await_pulse_end", "data": {"task_done": true}, "timestamp": 1787306528196}
{"sessionId": "1c5371", "hypothesisId": "H2", "location": "request_lock.py:_await_cancelled", "message": "await_pulse_start", "data": {"task_done": true, "task_cancelled": true}, "timestamp": 1787306528196}
{"sessionId": "1c5371", "hypothesisId": "H2", "location": "request_lock.py:_await_cancelled", "message": "await_pulse_end", "data": {"task_done": true}, "timestamp": 1787306528196}
{"sessionId": "1c5371", "hypothesisId": "H1", "location": "controlled_client.py:_wait_graph_rpc", "message": "rpc_done", "data": {"cancelled": false, "exc": null, "cancel_set": false}, "timestamp": 1787306534230}
{"sessionId": "1c5371", "hypothesisId": "H2", "location": "request_lock.py:_await_cancelled", "message": "await_pulse_start", "data": {"task_done": false, "task_cancelled": false}, "timestamp": 1787306534231}
{"sessionId": "1c5371", "hypothesisId": "H2", "location": "request_lock.py:_await_cancelled", "message": "await_pulse_end", "data": {"task_done": true}, "timestamp": 1787306534231}
{"sessionId": "1c5371", "hypothesisId": "H2", "location": "request_lock.py:_await_cancelled", "message": "await_pulse_start", "data": {"task_done": true, "task_cancelled": true}, "timestamp": 1787306534231}
{"sessionId": "1c5371", "hypothesisId": "H2", "location": "request_lock.py:_await_cancelled", "message": "await_pulse_end", "data": {"task_done": true}, "timestamp": 1787306534232}
{"sessionId": "1c5371", "hypothesisId": "H2", "location": "request_lock.py:_await_cancelled", "message": "await_pulse_start", "data": {"task_done": true, "task_cancelled": true}, "timestamp": 1787306534232}
{"sessionId": "1c5371", "hypothesisId": "H2", "location": "request_lock.py:_await_cancelled", "message": "await_pulse_end", "data": {"task_done": true}, "timestamp": 1787306534232}
{"sessionId": "1c5371", "hypothesisId": "H2", "location": "request_lock.py:_await_cancelled", "message": "await_pulse_start", "data": {"task_done": true, "task_cancelled": true}, "timestamp": 1787306534233}
{"sessionId": "1c5371", "hypothesisId": "H2", "location": "request_lock.py:_await_cancelled", "message": "await_pulse_end", "data": {"task_done": true}, "timestamp": 1787306534233}
{"sessionId": "1c5371", "hypothesisId": "H1", "location": "controlled_client.py:_wait_graph_rpc", "message": "rpc_done", "data": {"cancelled": false, "exc": null, "cancel_set": false}, "timestamp": 1787306540280}
{"sessionId": "1c5371", "hypothesisId": "H2", "location": "request_lock.py:_await_cancelled", "message": "await_pulse_start", "data": {"task_done": false, "task_cancelled": false}, "timestamp": 1787306540281}
{"sessionId": "1c5371", "hypothesisId": "H2", "location": "request_lock.py:_await_cancelled", "message": "await_pulse_end", "data": {"task_done": true}, "timestamp": 1787306540281}
{"sessionId": "1c5371", "hypothesisId": "H2", "location": "request_lock.py:_await_cancelled", "message": "await_pulse_start", "data": {"task_done": true, "task_cancelled": true}, "timestamp": 1787306540281}
{"sessionId": "1c5371", "hypothesisId": "H2", "location": "request_lock.py:_await_cancelled", "message": "await_pulse_end", "data": {"task_done": true}, "timestamp": 1787306540281}
{"sessionId": "1c5371", "hypothesisId": "H2", "location": "request_lock.py:_await_cancelled", "message": "await_pulse_start", "data": {"task_done": true, "task_cancelled": true}, "timestamp": 1787306540282}
{"sessionId": "1c5371", "hypothesisId": "H2", "location": "request_lock.py:_await_cancelled", "message": "await_pulse_end", "data": {"task_done": true}, "timestamp": 1787306540282}
{"sessionId": "1c5371", "hypothesisId": "H2", "location": "request_lock.py:_await_cancelled", "message": "await_pulse_start", "data": {"task_done": true, "task_cancelled": true}, "timestamp": 1787306540283}
{"sessionId": "1c5371", "hypothesisId": "H2", "location": "request_lock.py:_await_cancelled", "message": "await_pulse_end", "data": {"task_done": true}, "timestamp": 1787306540283}
{"sessionId": "1c5371", "hypothesisId": "H1", "location": "controlled_client.py:_wait_graph_rpc", "message": "rpc_done", "data": {"cancelled": false, "exc": null, "cancel_set": false}, "timestamp": 1787306546228}
{"sessionId": "1c5371", "hypothesisId": "H2", "location": "request_lock.py:_await_cancelled", "message": "await_pulse_start", "data": {"task_done": false, "task_cancelled": false}, "timestamp": 1787306546229}
{"sessionId": "1c5371", "hypothesisId": "H2", "location": "request_lock.py:_await_cancelled", "message": "await_pulse_end", "data": {"task_done": true}, "timestamp": 1787306546230}
{"sessionId": "1c5371", "hypothesisId": "H2", "location": "request_lock.py:_await_cancelled", "message": "await_pulse_start", "data": {"task_done": true, "task_cancelled": true}, "timestamp": 1787306546230}
{"sessionId": "1c5371", "hypothesisId": "H2", "location": "request_lock.py:_await_cancelled", "message": "await_pulse_end", "data": {"task_done": true}, "timestamp": 1787306546231}
{"sessionId": "1c5371", "hypothesisId": "H2", "location": "request_lock.py:_await_cancelled", "message": "await_pulse_start", "data": {"task_done": true, "task_cancelled": true}, "timestamp": 1787306546232}
{"sessionId": "1c5371", "hypothesisId": "H2", "location": "request_lock.py:_await_cancelled", "message": "await_pulse_end", "data": {"task_done": true}, "timestamp": 1787306546232}
{"sessionId": "1c5371", "hypothesisId": "H2", "location": "request_lock.py:_await_cancelled", "message": "await_pulse_start", "data": {"task_done": true, "task_cancelled": true}, "timestamp": 1787306546233}
{"sessionId": "1c5371", "hypothesisId": "H2", "location": "request_lock.py:_await_cancelled", "message": "await_pulse_end", "data": {"task_done": true}, "timestamp": 1787306546234}
{"sessionId": "1c5371", "hypothesisId": "H1", "location": "controlled_client.py:_wait_graph_rpc", "message": "rpc_done", "data": {"cancelled": false, "exc": null, "cancel_set": false}, "timestamp": 1787306552241}
{"sessionId": "1c5371", "hypothesisId": "H2", "location": "request_lock.py:_await_cancelled", "message": "await_pulse_start", "data": {"task_done": false, "task_cancelled": false}, "timestamp": 1787306552242}
{"sessionId": "1c5371", "hypothesisId": "H2", "location": "request_lock.py:_await_cancelled", "message": "await_pulse_end", "data": {"task_done": true}, "timestamp": 1787306552243}
{"sessionId": "1c5371", "hypothesisId": "H2", "location": "request_lock.py:_await_cancelled", "message": "await_pulse_start", "data": {"task_done": true, "task_cancelled": true}, "timestamp": 1787306552243}
{"sessionId": "1c5371", "hypothesisId": "H2", "location": "request_lock.py:_await_cancelled", "message": "await_pulse_end", "data": {"task_done": true}, "timestamp": 1787306552244}
{"sessionId": "1c5371", "hypothesisId": "H2", "location": "request_lock.py:_await_cancelled", "message": "await_pulse_start", "data": {"task_done": true, "task_cancelled": true}, "timestamp": 1787306552244}
{"sessionId": "1c5371", "hypothesisId": "H2", "location": "request_lock.py:_await_cancelled", "message": "await_pulse_end", "data": {"task_done": true}, "timestamp": 1787306552245}
{"sessionId": "1c5371", "hypothesisId": "H2", "location": "request_lock.py:_await_cancelled", "message": "await_pulse_start", "data": {"task_done": true, "task_cancelled": true}, "timestamp": 1787306552246}
{"sessionId": "1c5371", "hypothesisId": "H2", "location": "request_lock.py:_await_cancelled", "message": "await_pulse_end", "data": {"task_done": true}, "timestamp": 1787306552247}
{"sessionId": "1c5371", "hypothesisId": "H1", "location": "controlled_client.py:_wait_graph_rpc", "message": "rpc_done", "data": {"cancelled": false, "exc": null, "cancel_set": false}, "timestamp": 1787306558512}
{"sessionId": "1c5371", "hypothesisId": "H2", "location": "request_lock.py:_await_cancelled", "message": "await_pulse_start", "data": {"task_done": false, "task_cancelled": false}, "timestamp": 1787306558513}
{"sessionId": "1c5371", "hypothesisId": "H2", "location": "request_lock.py:_await_cancelled", "message": "await_pulse_end", "data": {"task_done": true}, "timestamp": 1787306558513}
{"sessionId": "1c5371", "hypothesisId": "H2", "location": "request_lock.py:_await_cancelled", "message": "await_pulse_start", "data": {"task_done": true, "task_cancelled": true}, "timestamp": 1787306558514}
{"sessionId": "1c5371", "hypothesisId": "H2", "location": "request_lock.py:_await_cancelled", "message": "await_pulse_end", "data": {"task_done": true}, "timestamp": 1787306558514}
{"sessionId": "1c5371", "hypothesisId": "H2", "location": "request_lock.py:_await_cancelled", "message": "await_pulse_start", "data": {"task_done": true, "task_cancelled": true}, "timestamp": 1787306558516}
{"sessionId": "1c5371", "hypothesisId": "H2", "location": "request_lock.py:_await_cancelled", "message": "await_pulse_end", "data": {"task_done": true}, "timestamp": 1787306558517}
{"sessionId": "1c5371", "hypothesisId": "H2", "location": "request_lock.py:_await_cancelled", "message": "await_pulse_start", "data": {"task_done": true, "task_cancelled": true}, "timestamp": 1787306558517}
{"sessionId": "1c5371", "hypothesisId": "H2", "location": "request_lock.py:_await_cancelled", "message": "await_pulse_end", "data": {"task_done": true}, "timestamp": 1787306558518}
{"sessionId": "1c5371", "hypothesisId": "H1", "location": "controlled_client.py:_wait_graph_rpc", "message": "rpc_done", "data": {"cancelled": false, "exc": null, "cancel_set": false}, "timestamp": 1787306564559}
{"sessionId": "1c5371", "hypothesisId": "H2", "location": "request_lock.py:_await_cancelled", "message": "await_pulse_start", "data": {"task_done": false, "task_cancelled": false}, "timestamp": 1787306564560}
{"sessionId": "1c5371", "hypothesisId": "H2", "location": "request_lock.py:_await_cancelled", "message": "await_pulse_end", "data": {"task_done": true}, "timestamp": 1787306564560}
{"sessionId": "1c5371", "hypothesisId": "H2", "location": "request_lock.py:_await_cancelled", "message": "await_pulse_start", "data": {"task_done": true, "task_cancelled": true}, "timestamp": 1787306564561}
{"sessionId": "1c5371", "hypothesisId": "H2", "location": "request_lock.py:_await_cancelled", "message": "await_pulse_end", "data": {"task_done": true}, "timestamp": 1787306564561}
{"sessionId": "1c5371", "hypothesisId": "H2", "location": "request_lock.py:_await_cancelled", "message": "await_pulse_start", "data": {"task_done": true, "task_cancelled": true}, "timestamp": 1787306564561}
{"sessionId": "1c5371", "hypothesisId": "H2", "location": "request_lock.py:_await_cancelled", "message": "await_pulse_end", "data": {"task_done": true}, "timestamp": 1787306564562}
{"sessionId": "1c5371", "hypothesisId": "H2", "location": "request_lock.py:_await_cancelled", "message": "await_pulse_start", "data": {"task_done": true, "task_cancelled": true}, "timestamp": 1787306564562}
{"sessionId": "1c5371", "hypothesisId": "H2", "location": "request_lock.py:_await_cancelled", "message": "await_pulse_end", "data": {"task_done": true}, "timestamp": 1787306564562}
{"sessionId": "1c5371", "hypothesisId": "H1", "location": "controlled_client.py:_wait_graph_rpc", "message": "rpc_done", "data": {"cancelled": false, "exc": null, "cancel_set": false}, "timestamp": 1787306570253}
{"sessionId": "1c5371", "hypothesisId": "H2", "location": "request_lock.py:_await_cancelled", "message": "await_pulse_start", "data": {"task_done": false, "task_cancelled": false}, "timestamp": 1787306570253}
{"sessionId": "1c5371", "hypothesisId": "H2", "location": "request_lock.py:_await_cancelled", "message": "await_pulse_end", "data": {"task_done": true}, "timestamp": 1787306570254}
{"sessionId": "1c5371", "hypothesisId": "H2", "location": "request_lock.py:_await_cancelled", "message": "await_pulse_start", "data": {"task_done": true, "task_cancelled": true}, "timestamp": 1787306570254}
{"sessionId": "1c5371", "hypothesisId": "H2", "location": "request_lock.py:_await_cancelled", "message": "await_pulse_end", "data": {"task_done": true}, "timestamp": 1787306570254}
{"sessionId": "1c5371", "hypothesisId": "H2", "location": "request_lock.py:_await_cancelled", "message": "await_pulse_start", "data": {"task_done": true, "task_cancelled": true}, "timestamp": 1787306570254}
{"sessionId": "1c5371", "hypothesisId": "H2", "location": "request_lock.py:_await_cancelled", "message": "await_pulse_end", "data": {"task_done": true}, "timestamp": 1787306570255}
{"sessionId": "1c5371", "hypothesisId": "H2", "location": "request_lock.py:_await_cancelled", "message": "await_pulse_start", "data": {"task_done": true, "task_cancelled": true}, "timestamp": 1787306570255}
{"sessionId": "1c5371", "hypothesisId": "H2", "location": "request_lock.py:_await_cancelled", "message": "await_pulse_end", "data": {"task_done": true}, "timestamp": 1787306570255}
{"sessionId": "1c5371", "hypothesisId": "H1", "location": "controlled_client.py:_wait_graph_rpc", "message": "rpc_done", "data": {"cancelled": false, "exc": null, "cancel_set": false}, "timestamp": 1787306576373}
{"sessionId": "1c5371", "hypothesisId": "H2", "location": "request_lock.py:_await_cancelled", "message": "await_pulse_start", "data": {"task_done": false, "task_cancelled": false}, "timestamp": 1787306576373}
{"sessionId": "1c5371", "hypothesisId": "H2", "location": "request_lock.py:_await_cancelled", "message": "await_pulse_end", "data": {"task_done": true}, "timestamp": 1787306576374}
{"sessionId": "1c5371", "hypothesisId": "H2", "location": "request_lock.py:_await_cancelled", "message": "await_pulse_start", "data": {"task_done": true, "task_cancelled": true}, "timestamp": 1787306576374}
{"sessionId": "1c5371", "hypothesisId": "H2", "location": "request_lock.py:_await_cancelled", "message": "await_pulse_end", "data": {"task_done": true}, "timestamp": 1787306576374}
{"sessionId": "1c5371", "hypothesisId": "H2", "location": "request_lock.py:_await_cancelled", "message": "await_pulse_start", "data": {"task_done": true, "task_cancelled": true}, "timestamp": 1787306576375}
{"sessionId": "1c5371", "hypothesisId": "H2", "location": "request_lock.py:_await_cancelled", "message": "await_pulse_end", "data": {"task_done": true}, "timestamp": 1787306576375}
{"sessionId": "1c5371", "hypothesisId": "H2", "location": "request_lock.py:_await_cancelled", "message": "await_pulse_start", "data": {"task_done": true, "task_cancelled": true}, "timestamp": 1787306576376}
{"sessionId": "1c5371", "hypothesisId": "H2", "location": "request_lock.py:_await_cancelled", "message": "await_pulse_end", "data": {"task_done": true}, "timestamp": 1787306576376}
{"sessionId": "1c5371", "hypothesisId": "H1", "location": "controlled_client.py:_wait_graph_rpc", "message": "rpc_done", "data": {"cancelled": false, "exc": null, "cancel_set": false}, "timestamp": 1787306582573}
{"sessionId": "1c5371", "hypothesisId": "H2", "location": "request_lock.py:_await_cancelled", "message": "await_pulse_start", "data": {"task_done": false, "task_cancelled": false}, "timestamp": 1787306582574}
{"sessionId": "1c5371", "hypothesisId": "H2", "location": "request_lock.py:_await_cancelled", "message": "await_pulse_end", "data": {"task_done": true}, "timestamp": 1787306582575}
{"sessionId": "1c5371", "hypothesisId": "H2", "location": "request_lock.py:_await_cancelled", "message": "await_pulse_start", "data": {"task_done": true, "task_cancelled": true}, "timestamp": 1787306582575}
{"sessionId": "1c5371", "hypothesisId": "H2", "location": "request_lock.py:_await_cancelled", "message": "await_pulse_end", "data": {"task_done": true}, "timestamp": 1787306582575}
{"sessionId": "1c5371", "hypothesisId": "H2", "location": "request_lock.py:_await_cancelled", "message": "await_pulse_start", "data": {"task_done": true, "task_cancelled": true}, "timestamp": 1787306582575}
{"sessionId": "1c5371", "hypothesisId": "H2", "location": "request_lock.py:_await_cancelled", "message": "await_pulse_end", "data": {"task_done": true}, "timestamp": 1787306582576}
{"sessionId": "1c5371", "hypothesisId": "H2", "location": "request_lock.py:_await_cancelled", "message": "await_pulse_start", "data": {"task_done": true, "task_cancelled": true}, "timestamp": 1787306582577}
{"sessionId": "1c5371", "hypothesisId": "H2", "location": "request_lock.py:_await_cancelled", "message": "await_pulse_end", "data": {"task_done": true}, "timestamp": 1787306582578}
{"sessionId": "1c5371", "hypothesisId": "H1", "location": "controlled_client.py:_wait_graph_rpc", "message": "rpc_done", "data": {"cancelled": false, "exc": null, "cancel_set": false}, "timestamp": 1787306588323}
{"sessionId": "1c5371", "hypothesisId": "H2", "location": "request_lock.py:_await_cancelled", "message": "await_pulse_start", "data": {"task_done": false, "task_cancelled": false}, "timestamp": 1787306588324}
{"sessionId": "1c5371", "hypothesisId": "H2", "location": "request_lock.py:_await_cancelled", "message": "await_pulse_end", "data": {"task_done": true}, "timestamp": 1787306588325}
{"sessionId": "1c5371", "hypothesisId": "H2", "location": "request_lock.py:_await_cancelled", "message": "await_pulse_start", "data": {"task_done": true, "task_cancelled": true}, "timestamp": 1787306588326}
{"sessionId": "1c5371", "hypothesisId": "H2", "location": "request_lock.py:_await_cancelled", "message": "await_pulse_end", "data": {"task_done": true}, "timestamp": 1787306588327}
{"sessionId": "1c5371", "hypothesisId": "H2", "location": "request_lock.py:_await_cancelled", "message": "await_pulse_start", "data": {"task_done": true, "task_cancelled": true}, "timestamp": 1787306588328}
{"sessionId": "1c5371", "hypothesisId": "H2", "location": "request_lock.py:_await_cancelled", "message": "await_pulse_end", "data": {"task_done": true}, "timestamp": 1787306588329}
{"sessionId": "1c5371", "hypothesisId": "H2", "location": "request_lock.py:_await_cancelled", "message": "await_pulse_start", "data": {"task_done": true, "task_cancelled": true}, "timestamp": 1787306588330}
{"sessionId": "1c5371", "hypothesisId": "H2", "location": "request_lock.py:_await_cancelled", "message": "await_pulse_end", "data": {"task_done": true}, "timestamp": 1787306588331}
{"sessionId": "1c5371", "hypothesisId": "H1", "location": "controlled_client.py:_wait_graph_rpc", "message": "rpc_done", "data": {"cancelled": false, "exc": null, "cancel_set": false}, "timestamp": 1787306594354}
{"sessionId": "1c5371", "hypothesisId": "H2", "location": "request_lock.py:_await_cancelled", "message": "await_pulse_start", "data": {"task_done": false, "task_cancelled": false}, "timestamp": 1787306594356}
{"sessionId": "1c5371", "hypothesisId": "H2", "location": "request_lock.py:_await_cancelled", "message": "await_pulse_end", "data": {"task_done": true}, "timestamp": 1787306594357}
{"sessionId": "1c5371", "hypothesisId": "H2", "location": "request_lock.py:_await_cancelled", "message": "await_pulse_start", "data": {"task_done": true, "task_cancelled": true}, "timestamp": 1787306594358}
{"sessionId": "1c5371", "hypothesisId": "H2", "location": "request_lock.py:_await_cancelled", "message": "await_pulse_end", "data": {"task_done": true}, "timestamp": 1787306594360}
{"sessionId": "1c5371", "hypothesisId": "H2", "location": "request_lock.py:_await_cancelled", "message": "await_pulse_start", "data": {"task_done": true, "task_cancelled": true}, "timestamp": 1787306594362}
{"sessionId": "1c5371", "hypothesisId": "H2", "location": "request_lock.py:_await_cancelled", "message": "await_pulse_end", "data": {"task_done": true}, "timestamp": 1787306594363}
{"sessionId": "1c5371", "hypothesisId": "H2", "location": "request_lock.py:_await_cancelled", "message": "await_pulse_start", "data": {"task_done": true, "task_cancelled": true}, "timestamp": 1787306594364}
{"sessionId": "1c5371", "hypothesisId": "H2", "location": "request_lock.py:_await_cancelled", "message": "await_pulse_end", "data": {"task_done": true}, "timestamp": 1787306594364}
{"sessionId": "1c5371", "hypothesisId": "H1", "location": "controlled_client.py:_wait_graph_rpc", "message": "rpc_done", "data": {"cancelled": false, "exc": null, "cancel_set": false}, "timestamp": 1787306600405}
{"sessionId": "1c5371", "hypothesisId": "H2", "location": "request_lock.py:_await_cancelled", "message": "await_pulse_start", "data": {"task_done": false, "task_cancelled": false}, "timestamp": 1787306600406}
{"sessionId": "1c5371", "hypothesisId": "H2", "location": "request_lock.py:_await_cancelled", "message": "await_pulse_end", "data": {"task_done": true}, "timestamp": 1787306600406}
{"sessionId": "1c5371", "hypothesisId": "H2", "location": "request_lock.py:_await_cancelled", "message": "await_pulse_start", "data": {"task_done": true, "task_cancelled": true}, "timestamp": 1787306600406}
{"sessionId": "1c5371", "hypothesisId": "H2", "location": "request_lock.py:_await_cancelled", "message": "await_pulse_end", "data": {"task_done": true}, "timestamp": 1787306600407}
{"sessionId": "1c5371", "hypothesisId": "H2", "location": "request_lock.py:_await_cancelled", "message": "await_pulse_start", "data": {"task_done": true, "task_cancelled": true}, "timestamp": 1787306600407}
{"sessionId": "1c5371", "hypothesisId": "H2", "location": "request_lock.py:_await_cancelled", "message": "await_pulse_end", "data": {"task_done": true}, "timestamp": 1787306600408}
{"sessionId": "1c5371", "hypothesisId": "H2", "location": "request_lock.py:_await_cancelled", "message": "await_pulse_start", "data": {"task_done": true, "task_cancelled": true}, "timestamp": 1787306600409}
{"sessionId": "1c5371", "hypothesisId": "H2", "location": "request_lock.py:_await_cancelled", "message": "await_pulse_end", "data": {"task_done": true}, "timestamp": 1787306600409}
{"sessionId": "1c5371", "hypothesisId": "H1", "location": "controlled_client.py:_wait_graph_rpc", "message": "rpc_done", "data": {"cancelled": false, "exc": null, "cancel_set": false}, "timestamp": 1787306606442}
{"sessionId": "1c5371", "hypothesisId": "H2", "location": "request_lock.py:_await_cancelled", "message": "await_pulse_start", "data": {"task_done": false, "task_cancelled": false}, "timestamp": 1787306606442}
{"sessionId": "1c5371", "hypothesisId": "H2", "location": "request_lock.py:_await_cancelled", "message": "await_pulse_end", "data": {"task_done": true}, "timestamp": 1787306606443}
{"sessionId": "1c5371", "hypothesisId": "H2", "location": "request_lock.py:_await_cancelled", "message": "await_pulse_start", "data": {"task_done": true, "task_cancelled": true}, "timestamp": 1787306606443}
{"sessionId": "1c5371", "hypothesisId": "H2", "location": "request_lock.py:_await_cancelled", "message": "await_pulse_end", "data": {"task_done": true}, "timestamp": 1787306606444}
{"sessionId": "1c5371", "hypothesisId": "H2", "location": "request_lock.py:_await_cancelled", "message": "await_pulse_start", "data": {"task_done": true, "task_cancelled": true}, "timestamp": 1787306606444}
{"sessionId": "1c5371", "hypothesisId": "H2", "location": "request_lock.py:_await_cancelled", "message": "await_pulse_end", "data": {"task_done": true}, "timestamp": 1787306606444}
{"sessionId": "1c5371", "hypothesisId": "H2", "location": "request_lock.py:_await_cancelled", "message": "await_pulse_start", "data": {"task_done": true, "task_cancelled": true}, "timestamp": 1787306606445}
{"sessionId": "1c5371", "hypothesisId": "H2", "location": "request_lock.py:_await_cancelled", "message": "await_pulse_end", "data": {"task_done": true}, "timestamp": 1787306606445}
{"sessionId": "1c5371", "hypothesisId": "H1", "location": "controlled_client.py:_wait_graph_rpc", "message": "rpc_done", "data": {"cancelled": false, "exc": null, "cancel_set": false}, "timestamp": 1787306612592}
{"sessionId": "1c5371", "hypothesisId": "H2", "location": "request_lock.py:_await_cancelled", "message": "await_pulse_start", "data": {"task_done": false, "task_cancelled": false}, "timestamp": 1787306612593}
{"sessionId": "1c5371", "hypothesisId": "H2", "location": "request_lock.py:_await_cancelled", "message": "await_pulse_end", "data": {"task_done": true}, "timestamp": 1787306612593}
{"sessionId": "1c5371", "hypothesisId": "H2", "location": "request_lock.py:_await_cancelled", "message": "await_pulse_start", "data": {"task_done": true, "task_cancelled": true}, "timestamp": 1787306612594}
{"sessionId": "1c5371", "hypothesisId": "H2", "location": "request_lock.py:_await_cancelled", "message": "await_pulse_end", "data": {"task_done": true}, "timestamp": 1787306612595}
{"sessionId": "1c5371", "hypothesisId": "H2", "location": "request_lock.py:_await_cancelled", "message": "await_pulse_start", "data": {"task_done": true, "task_cancelled": true}, "timestamp": 1787306612596}
{"sessionId": "1c5371", "hypothesisId": "H2", "location": "request_lock.py:_await_cancelled", "message": "await_pulse_end", "data": {"task_done": true}, "timestamp": 1787306612596}
{"sessionId": "1c5371", "hypothesisId": "H2", "location": "request_lock.py:_await_cancelled", "message": "await_pulse_start", "data": {"task_done": true, "task_cancelled": true}, "timestamp": 1787306612597}
{"sessionId": "1c5371", "hypothesisId": "H2", "location": "request_lock.py:_await_cancelled", "message": "await_pulse_end", "data": {"task_done": true}, "timestamp": 1787306612597}
{"sessionId": "1c5371", "hypothesisId": "H1", "location": "controlled_client.py:_wait_graph_rpc", "message": "rpc_done", "data": {"cancelled": false, "exc": null, "cancel_set": false}, "timestamp": 1787306618474}
{"sessionId": "1c5371", "hypothesisId": "H2", "location": "request_lock.py:_await_cancelled", "message": "await_pulse_start", "data": {"task_done": false, "task_cancelled": false}, "timestamp": 1787306618475}
{"sessionId": "1c5371", "hypothesisId": "H2", "location": "request_lock.py:_await_cancelled", "message": "await_pulse_end", "data": {"task_done": true}, "timestamp": 1787306618476}
{"sessionId": "1c5371", "hypothesisId": "H2", "location": "request_lock.py:_await_cancelled", "message": "await_pulse_start", "data": {"task_done": true, "task_cancelled": true}, "timestamp": 1787306618476}
{"sessionId": "1c5371", "hypothesisId": "H2", "location": "request_lock.py:_await_cancelled", "message": "await_pulse_end", "data": {"task_done": true}, "timestamp": 1787306618477}
{"sessionId": "1c5371", "hypothesisId": "H2", "location": "request_lock.py:_await_cancelled", "message": "await_pulse_start", "data": {"task_done": true, "task_cancelled": true}, "timestamp": 1787306618478}
{"sessionId": "1c5371", "hypothesisId": "H2", "location": "request_lock.py:_await_cancelled", "message": "await_pulse_end", "data": {"task_done": true}, "timestamp": 1787306618478}
{"sessionId": "1c5371", "hypothesisId": "H2", "location": "request_lock.py:_await_cancelled", "message": "await_pulse_start", "data": {"task_done": true, "task_cancelled": true}, "timestamp": 1787306618479}
{"sessionId": "1c5371", "hypothesisId": "H2", "location": "request_lock.py:_await_cancelled", "message": "await_pulse_end", "data": {"task_done": true}, "timestamp": 1787306618480}
{"sessionId": "1c5371", "hypothesisId": "H1", "location": "controlled_client.py:_wait_graph_rpc", "message": "rpc_done", "data": {"cancelled": false, "exc": null, "cancel_set": false}, "timestamp": 1787306624460}
{"sessionId": "1c5371", "hypothesisId": "H2", "location": "request_lock.py:_await_cancelled", "message": "await_pulse_start", "data": {"task_done": false, "task_cancelled": false}, "timestamp": 1787306624461}
{"sessionId": "1c5371", "hypothesisId": "H2", "location": "request_lock.py:_await_cancelled", "message": "await_pulse_end", "data": {"task_done": true}, "timestamp": 1787306624461}
{"sessionId": "1c5371", "hypothesisId": "H2", "location": "request_lock.py:_await_cancelled", "message": "await_pulse_start", "data": {"task_done": true, "task_cancelled": true}, "timestamp": 1787306624461}
{"sessionId": "1c5371", "hypothesisId": "H2", "location": "request_lock.py:_await_cancelled", "message": "await_pulse_end", "data": {"task_done": true}, "timestamp": 1787306624461}
{"sessionId": "1c5371", "hypothesisId": "H2", "location": "request_lock.py:_await_cancelled", "message": "await_pulse_start", "data": {"task_done": true, "task_cancelled": true}, "timestamp": 1787306624462}
{"sessionId": "1c5371", "hypothesisId": "H2", "location": "request_lock.py:_await_cancelled", "message": "await_pulse_end", "data": {"task_done": true}, "timestamp": 1787306624462}
{"sessionId": "1c5371", "hypothesisId": "H2", "location": "request_lock.py:_await_cancelled", "message": "await_pulse_start", "data": {"task_done": true, "task_cancelled": true}, "timestamp": 1787306624462}
{"sessionId": "1c5371", "hypothesisId": "H2", "location": "request_lock.py:_await_cancelled", "message": "await_pulse_end", "data": {"task_done": true}, "timestamp": 1787306624463}
{"sessionId": "1c5371", "hypothesisId": "H1", "location": "controlled_client.py:_wait_graph_rpc", "message": "rpc_done", "data": {"cancelled": false, "exc": null, "cancel_set": false}, "timestamp": 1787306630539}
{"sessionId": "1c5371", "hypothesisId": "H2", "location": "request_lock.py:_await_cancelled", "message": "await_pulse_start", "data": {"task_done": false, "task_cancelled": false}, "timestamp": 1787306630540}
{"sessionId": "1c5371", "hypothesisId": "H2", "location": "request_lock.py:_await_cancelled", "message": "await_pulse_end", "data": {"task_done": true}, "timestamp": 1787306630540}
{"sessionId": "1c5371", "hypothesisId": "H2", "location": "request_lock.py:_await_cancelled", "message": "await_pulse_start", "data": {"task_done": true, "task_cancelled": true}, "timestamp": 1787306630540}
{"sessionId": "1c5371", "hypothesisId": "H2", "location": "request_lock.py:_await_cancelled", "message": "await_pulse_end", "data": {"task_done": true}, "timestamp": 1787306630541}
{"sessionId": "1c5371", "hypothesisId": "H2", "location": "request_lock.py:_await_cancelled", "message": "await_pulse_start", "data": {"task_done": true, "task_cancelled": true}, "timestamp": 1787306630541}
{"sessionId": "1c5371", "hypothesisId": "H2", "location": "request_lock.py:_await_cancelled", "message": "await_pulse_end", "data": {"task_done": true}, "timestamp": 1787306630542}
{"sessionId": "1c5371", "hypothesisId": "H2", "location": "request_lock.py:_await_cancelled", "message": "await_pulse_start", "data": {"task_done": true, "task_cancelled": true}, "timestamp": 1787306630542}
{"sessionId": "1c5371", "hypothesisId": "H2", "location": "request_lock.py:_await_cancelled", "message": "await_pulse_end", "data": {"task_done": true}, "timestamp": 1787306630542}
{"sessionId": "1c5371", "hypothesisId": "H1", "location": "controlled_client.py:_wait_graph_rpc", "message": "rpc_done", "data": {"cancelled": false, "exc": null, "cancel_set": false}, "timestamp": 1787306636605}
{"sessionId": "1c5371", "hypothesisId": "H2", "location": "request_lock.py:_await_cancelled", "message": "await_pulse_start", "data": {"task_done": false, "task_cancelled": false}, "timestamp": 1787306636606}
{"sessionId": "1c5371", "hypothesisId": "H2", "location": "request_lock.py:_await_cancelled", "message": "await_pulse_end", "data": {"task_done": true}, "timestamp": 1787306636607}
{"sessionId": "1c5371", "hypothesisId": "H2", "location": "request_lock.py:_await_cancelled", "message": "await_pulse_start", "data": {"task_done": true, "task_cancelled": true}, "timestamp": 1787306636608}
{"sessionId": "1c5371", "hypothesisId": "H2", "location": "request_lock.py:_await_cancelled", "message": "await_pulse_end", "data": {"task_done": true}, "timestamp": 1787306636608}
{"sessionId": "1c5371", "hypothesisId": "H2", "location": "request_lock.py:_await_cancelled", "message": "await_pulse_start", "data": {"task_done": true, "task_cancelled": true}, "timestamp": 1787306636609}
{"sessionId": "1c5371", "hypothesisId": "H2", "location": "request_lock.py:_await_cancelled", "message": "await_pulse_end", "data": {"task_done": true}, "timestamp": 1787306636610}
{"sessionId": "1c5371", "hypothesisId": "H2", "location": "request_lock.py:_await_cancelled", "message": "await_pulse_start", "data": {"task_done": true, "task_cancelled": true}, "timestamp": 1787306636611}
{"sessionId": "1c5371", "hypothesisId": "H2", "location": "request_lock.py:_await_cancelled", "message": "await_pulse_end", "data": {"task_done": true}, "timestamp": 1787306636612}
{"sessionId": "1c5371", "hypothesisId": "H1", "location": "controlled_client.py:_wait_graph_rpc", "message": "rpc_done", "data": {"cancelled": false, "exc": null, "cancel_set": false}, "timestamp": 1787306642613}
{"sessionId": "1c5371", "hypothesisId": "H2", "location": "request_lock.py:_await_cancelled", "message": "await_pulse_start", "data": {"task_done": false, "task_cancelled": false}, "timestamp": 1787306642615}
{"sessionId": "1c5371", "hypothesisId": "H2", "location": "request_lock.py:_await_cancelled", "message": "await_pulse_end", "data": {"task_done": true}, "timestamp": 1787306642616}
{"sessionId": "1c5371", "hypothesisId": "H2", "location": "request_lock.py:_await_cancelled", "message": "await_pulse_start", "data": {"task_done": true, "task_cancelled": true}, "timestamp": 1787306642618}
{"sessionId": "1c5371", "hypothesisId": "H2", "location": "request_lock.py:_await_cancelled", "message": "await_pulse_end", "data": {"task_done": true}, "timestamp": 1787306642620}
{"sessionId": "1c5371", "hypothesisId": "H2", "location": "request_lock.py:_await_cancelled", "message": "await_pulse_start", "data": {"task_done": true, "task_cancelled": true}, "timestamp": 1787306642620}
{"sessionId": "1c5371", "hypothesisId": "H2", "location": "request_lock.py:_await_cancelled", "message": "await_pulse_end", "data": {"task_done": true}, "timestamp": 1787306642621}
{"sessionId": "1c5371", "hypothesisId": "H2", "location": "request_lock.py:_await_cancelled", "message": "await_pulse_start", "data": {"task_done": true, "task_cancelled": true}, "timestamp": 1787306642622}
{"sessionId": "1c5371", "hypothesisId": "H2", "location": "request_lock.py:_await_cancelled", "message": "await_pulse_end", "data": {"task_done": true}, "timestamp": 1787306642623}
{"sessionId": "1c5371", "hypothesisId": "H1", "location": "controlled_client.py:_wait_graph_rpc", "message": "rpc_done", "data": {"cancelled": false, "exc": null, "cancel_set": false}, "timestamp": 1787306648582}
{"sessionId": "1c5371", "hypothesisId": "H2", "location": "request_lock.py:_await_cancelled", "message": "await_pulse_start", "data": {"task_done": false, "task_cancelled": false}, "timestamp": 1787306648584}
{"sessionId": "1c5371", "hypothesisId": "H2", "location": "request_lock.py:_await_cancelled", "message": "await_pulse_end", "data": {"task_done": true}, "timestamp": 1787306648586}
{"sessionId": "1c5371", "hypothesisId": "H2", "location": "request_lock.py:_await_cancelled", "message": "await_pulse_start", "data": {"task_done": true, "task_cancelled": true}, "timestamp": 1787306648586}
{"sessionId": "1c5371", "hypothesisId": "H2", "location": "request_lock.py:_await_cancelled", "message": "await_pulse_end", "data": {"task_done": true}, "timestamp": 1787306648587}
{"sessionId": "1c5371", "hypothesisId": "H2", "location": "request_lock.py:_await_cancelled", "message": "await_pulse_start", "data": {"task_done": true, "task_cancelled": true}, "timestamp": 1787306648588}
{"sessionId": "1c5371", "hypothesisId": "H2", "location": "request_lock.py:_await_cancelled", "message": "await_pulse_end", "data": {"task_done": true}, "timestamp": 1787306648588}
{"sessionId": "1c5371", "hypothesisId": "H2", "location": "request_lock.py:_await_cancelled", "message": "await_pulse_start", "data": {"task_done": true, "task_cancelled": true}, "timestamp": 1787306648589}
{"sessionId": "1c5371", "hypothesisId": "H2", "location": "request_lock.py:_await_cancelled", "message": "await_pulse_end", "data": {"task_done": true}, "timestamp": 1787306648590}
{"sessionId": "1c5371", "hypothesisId": "H1", "location": "controlled_client.py:_wait_graph_rpc", "message": "rpc_done", "data": {"cancelled": false, "exc": null, "cancel_set": false}, "timestamp": 1787306654551}
{"sessionId": "1c5371", "hypothesisId": "H2", "location": "request_lock.py:_await_cancelled", "message": "await_pulse_start", "data": {"task_done": false, "task_cancelled": false}, "timestamp": 1787306654552}
{"sessionId": "1c5371", "hypothesisId": "H2", "location": "request_lock.py:_await_cancelled", "message": "await_pulse_end", "data": {"task_done": true}, "timestamp": 1787306654552}
{"sessionId": "1c5371", "hypothesisId": "H2", "location": "request_lock.py:_await_cancelled", "message": "await_pulse_start", "data": {"task_done": true, "task_cancelled": true}, "timestamp": 1787306654553}
{"sessionId": "1c5371", "hypothesisId": "H2", "location": "request_lock.py:_await_cancelled", "message": "await_pulse_end", "data": {"task_done": true}, "timestamp": 1787306654553}
{"sessionId": "1c5371", "hypothesisId": "H2", "location": "request_lock.py:_await_cancelled", "message": "await_pulse_start", "data": {"task_done": true, "task_cancelled": true}, "timestamp": 1787306654554}
{"sessionId": "1c5371", "hypothesisId": "H2", "location": "request_lock.py:_await_cancelled", "message": "await_pulse_end", "data": {"task_done": true}, "timestamp": 1787306654554}
{"sessionId": "1c5371", "hypothesisId": "H2", "location": "request_lock.py:_await_cancelled", "message": "await_pulse_start", "data": {"task_done": true, "task_cancelled": true}, "timestamp": 1787306654554}
{"sessionId": "1c5371", "hypothesisId": "H2", "location": "request_lock.py:_await_cancelled", "message": "await_pulse_end", "data": {"task_done": true}, "timestamp": 1787306654555}
{"sessionId": "1c5371", "hypothesisId": "H1", "location": "controlled_client.py:_wait_graph_rpc", "message": "rpc_done", "data": {"cancelled": false, "exc": null, "cancel_set": false}, "timestamp": 1787306660594}
{"sessionId": "1c5371", "hypothesisId": "H2", "location": "request_lock.py:_await_cancelled", "message": "await_pulse_start", "data": {"task_done": false, "task_cancelled": false}, "timestamp": 1787306660595}
{"sessionId": "1c5371", "hypothesisId": "H2", "location": "request_lock.py:_await_cancelled", "message": "await_pulse_end", "data": {"task_done": true}, "timestamp": 1787306660597}
{"sessionId": "1c5371", "hypothesisId": "H2", "location": "request_lock.py:_await_cancelled", "message": "await_pulse_start", "data": {"task_done": true, "task_cancelled": true}, "timestamp": 1787306660599}
{"sessionId": "1c5371", "hypothesisId": "H2", "location": "request_lock.py:_await_cancelled", "message": "await_pulse_end", "data": {"task_done": true}, "timestamp": 1787306660601}
{"sessionId": "1c5371", "hypothesisId": "H2", "location": "request_lock.py:_await_cancelled", "message": "await_pulse_start", "data": {"task_done": true, "task_cancelled": true}, "timestamp": 1787306660602}
{"sessionId": "1c5371", "hypothesisId": "H2", "location": "request_lock.py:_await_cancelled", "message": "await_pulse_end", "data": {"task_done": true}, "timestamp": 1787306660602}
{"sessionId": "1c5371", "hypothesisId": "H2", "location": "request_lock.py:_await_cancelled", "message": "await_pulse_start", "data": {"task_done": true, "task_cancelled": true}, "timestamp": 1787306660603}
{"sessionId": "1c5371", "hypothesisId": "H2", "location": "request_lock.py:_await_cancelled", "message": "await_pulse_end", "data": {"task_done": true}, "timestamp": 1787306660604}
{"sessionId": "1c5371", "hypothesisId": "H1", "location": "controlled_client.py:_wait_graph_rpc", "message": "rpc_done", "data": {"cancelled": false, "exc": null, "cancel_set": false}, "timestamp": 1787306666894}
{"sessionId": "1c5371", "hypothesisId": "H2", "location": "request_lock.py:_await_cancelled", "message": "await_pulse_start", "data": {"task_done": false, "task_cancelled": false}, "timestamp": 1787306666897}
{"sessionId": "1c5371", "hypothesisId": "H2", "location": "request_lock.py:_await_cancelled", "message": "await_pulse_end", "data": {"task_done": true}, "timestamp": 1787306666899}
{"sessionId": "1c5371", "hypothesisId": "H2", "location": "request_lock.py:_await_cancelled", "message": "await_pulse_start", "data": {"task_done": true, "task_cancelled": true}, "timestamp": 1787306666900}
{"sessionId": "1c5371", "hypothesisId": "H2", "location": "request_lock.py:_await_cancelled", "message": "await_pulse_end", "data": {"task_done": true}, "timestamp": 1787306666900}
{"sessionId": "1c5371", "hypothesisId": "H2", "location": "request_lock.py:_await_cancelled", "message": "await_pulse_start", "data": {"task_done": true, "task_cancelled": true}, "timestamp": 1787306666901}
{"sessionId": "1c5371", "hypothesisId": "H2", "location": "request_lock.py:_await_cancelled", "message": "await_pulse_end", "data": {"task_done": true}, "timestamp": 1787306666901}
{"sessionId": "1c5371", "hypothesisId": "H2", "location": "request_lock.py:_await_cancelled", "message": "await_pulse_start", "data": {"task_done": true, "task_cancelled": true}, "timestamp": 1787306666901}
{"sessionId": "1c5371", "hypothesisId": "H2", "location": "request_lock.py:_await_cancelled", "message": "await_pulse_end", "data": {"task_done": true}, "timestamp": 1787306666901}
{"sessionId": "1c5371", "hypothesisId": "H1", "location": "controlled_client.py:_wait_graph_rpc", "message": "rpc_done", "data": {"cancelled": false, "exc": null, "cancel_set": false}, "timestamp": 1787306672670}
{"sessionId": "1c5371", "hypothesisId": "H2", "location": "request_lock.py:_await_cancelled", "message": "await_pulse_start", "data": {"task_done": false, "task_cancelled": false}, "timestamp": 1787306672671}
{"sessionId": "1c5371", "hypothesisId": "H2", "location": "request_lock.py:_await_cancelled", "message": "await_pulse_end", "data": {"task_done": true}, "timestamp": 1787306672671}
{"sessionId": "1c5371", "hypothesisId": "H2", "location": "request_lock.py:_await_cancelled", "message": "await_pulse_start", "data": {"task_done": true, "task_cancelled": true}, "timestamp": 1787306672671}
{"sessionId": "1c5371", "hypothesisId": "H2", "location": "request_lock.py:_await_cancelled", "message": "await_pulse_end", "data": {"task_done": true}, "timestamp": 1787306672672}
{"sessionId": "1c5371", "hypothesisId": "H2", "location": "request_lock.py:_await_cancelled", "message": "await_pulse_start", "data": {"task_done": true, "task_cancelled": true}, "timestamp": 1787306672672}
{"sessionId": "1c5371", "hypothesisId": "H2", "location": "request_lock.py:_await_cancelled", "message": "await_pulse_end", "data": {"task_done": true}, "timestamp": 1787306672673}
{"sessionId": "1c5371", "hypothesisId": "H2", "location": "request_lock.py:_await_cancelled", "message": "await_pulse_start", "data": {"task_done": true, "task_cancelled": true}, "timestamp": 1787306672673}
{"sessionId": "1c5371", "hypothesisId": "H2", "location": "request_lock.py:_await_cancelled", "message": "await_pulse_end", "data": {"task_done": true}, "timestamp": 1787306672674}
{"sessionId": "1c5371", "hypothesisId": "H1", "location": "controlled_client.py:_wait_graph_rpc", "message": "rpc_done", "data": {"cancelled": false, "exc": null, "cancel_set": false}, "timestamp": 1787306678735}
{"sessionId": "1c5371", "hypothesisId": "H2", "location": "request_lock.py:_await_cancelled", "message": "await_pulse_start", "data": {"task_done": false, "task_cancelled": false}, "timestamp": 1787306678736}
{"sessionId": "1c5371", "hypothesisId": "H2", "location": "request_lock.py:_await_cancelled", "message": "await_pulse_end", "data": {"task_done": true}, "timestamp": 1787306678737}
{"sessionId": "1c5371", "hypothesisId": "H2", "location": "request_lock.py:_await_cancelled", "message": "await_pulse_start", "data": {"task_done": true, "task_cancelled": true}, "timestamp": 1787306678738}
{"sessionId": "1c5371", "hypothesisId": "H2", "location": "request_lock.py:_await_cancelled", "message": "await_pulse_end", "data": {"task_done": true}, "timestamp": 1787306678739}
{"sessionId": "1c5371", "hypothesisId": "H2", "location": "request_lock.py:_await_cancelled", "message": "await_pulse_start", "data": {"task_done": true, "task_cancelled": true}, "timestamp": 1787306678740}
{"sessionId": "1c5371", "hypothesisId": "H2", "location": "request_lock.py:_await_cancelled", "message": "await_pulse_end", "data": {"task_done": true}, "timestamp": 1787306678741}
{"sessionId": "1c5371", "hypothesisId": "H2", "location": "request_lock.py:_await_cancelled", "message": "await_pulse_start", "data": {"task_done": true, "task_cancelled": true}, "timestamp": 1787306678742}
{"sessionId": "1c5371", "hypothesisId": "H2", "location": "request_lock.py:_await_cancelled", "message": "await_pulse_end", "data": {"task_done": true}, "timestamp": 1787306678743}
{"sessionId": "1c5371", "hypothesisId": "H1", "location": "controlled_client.py:_wait_graph_rpc", "message": "rpc_done", "data": {"cancelled": false, "exc": null, "cancel_set": false}, "timestamp": 1787306684659}
{"sessionId": "1c5371", "hypothesisId": "H2", "location": "request_lock.py:_await_cancelled", "message": "await_pulse_start", "data": {"task_done": false, "task_cancelled": false}, "timestamp": 1787306684660}
{"sessionId": "1c5371", "hypothesisId": "H2", "location": "request_lock.py:_await_cancelled", "message": "await_pulse_end", "data": {"task_done": true}, "timestamp": 1787306684663}
{"sessionId": "1c5371", "hypothesisId": "H2", "location": "request_lock.py:_await_cancelled", "message": "await_pulse_start", "data": {"task_done": true, "task_cancelled": true}, "timestamp": 1787306684663}
{"sessionId": "1c5371", "hypothesisId": "H2", "location": "request_lock.py:_await_cancelled", "message": "await_pulse_end", "data": {"task_done": true}, "timestamp": 1787306684664}
{"sessionId": "1c5371", "hypothesisId": "H2", "location": "request_lock.py:_await_cancelled", "message": "await_pulse_start", "data": {"task_done": true, "task_cancelled": true}, "timestamp": 1787306684664}
{"sessionId": "1c5371", "hypothesisId": "H2", "location": "request_lock.py:_await_cancelled", "message": "await_pulse_end", "data": {"task_done": true}, "timestamp": 1787306684664}
{"sessionId": "1c5371", "hypothesisId": "H2", "location": "request_lock.py:_await_cancelled", "message": "await_pulse_start", "data": {"task_done": true, "task_cancelled": true}, "timestamp": 1787306684664}
{"sessionId": "1c5371", "hypothesisId": "H2", "location": "request_lock.py:_await_cancelled", "message": "await_pulse_end", "data": {"task_done": true}, "timestamp": 1787306684665}
{"sessionId": "1c5371", "hypothesisId": "H1", "location": "controlled_client.py:_wait_graph_rpc", "message": "rpc_done", "data": {"cancelled": false, "exc": null, "cancel_set": false}, "timestamp": 1787306690700}
{"sessionId": "1c5371", "hypothesisId": "H2", "location": "request_lock.py:_await_cancelled", "message": "await_pulse_start", "data": {"task_done": false, "task_cancelled": false}, "timestamp": 1787306690701}
{"sessionId": "1c5371", "hypothesisId": "H2", "location": "request_lock.py:_await_cancelled", "message": "await_pulse_end", "data": {"task_done": true}, "timestamp": 1787306690701}
{"sessionId": "1c5371", "hypothesisId": "H2", "location": "request_lock.py:_await_cancelled", "message": "await_pulse_start", "data": {"task_done": true, "task_cancelled": true}, "timestamp": 1787306690701}
{"sessionId": "1c5371", "hypothesisId": "H2", "location": "request_lock.py:_await_cancelled", "message": "await_pulse_end", "data": {"task_done": true}, "timestamp": 1787306690702}
{"sessionId": "1c5371", "hypothesisId": "H2", "location": "request_lock.py:_await_cancelled", "message": "await_pulse_start", "data": {"task_done": true, "task_cancelled": true}, "timestamp": 1787306690702}
{"sessionId": "1c5371", "hypothesisId": "H2", "location": "request_lock.py:_await_cancelled", "message": "await_pulse_end", "data": {"task_done": true}, "timestamp": 1787306690702}
{"sessionId": "1c5371", "hypothesisId": "H2", "location": "request_lock.py:_await_cancelled", "message": "await_pulse_start", "data": {"task_done": true, "task_cancelled": true}, "timestamp": 1787306690703}
{"sessionId": "1c5371", "hypothesisId": "H2", "location": "request_lock.py:_await_cancelled", "message": "await_pulse_end", "data": {"task_done": true}, "timestamp": 1787306690703}
{"sessionId": "1c5371", "hypothesisId": "H1", "location": "controlled_client.py:_wait_graph_rpc", "message": "rpc_done", "data": {"cancelled": false, "exc": null, "cancel_set": false}, "timestamp": 1787306696660}
{"sessionId": "1c5371", "hypothesisId": "H2", "location": "request_lock.py:_await_cancelled", "message": "await_pulse_start", "data": {"task_done": false, "task_cancelled": false}, "timestamp": 1787306696661}
{"sessionId": "1c5371", "hypothesisId": "H2", "location": "request_lock.py:_await_cancelled", "message": "await_pulse_end", "data": {"task_done": true}, "timestamp": 1787306696661}
{"sessionId": "1c5371", "hypothesisId": "H2", "location": "request_lock.py:_await_cancelled", "message": "await_pulse_start", "data": {"task_done": true, "task_cancelled": true}, "timestamp": 1787306696662}
{"sessionId": "1c5371", "hypothesisId": "H2", "location": "request_lock.py:_await_cancelled", "message": "await_pulse_end", "data": {"task_done": true}, "timestamp": 1787306696662}
{"sessionId": "1c5371", "hypothesisId": "H2", "location": "request_lock.py:_await_cancelled", "message": "await_pulse_start", "data": {"task_done": true, "task_cancelled": true}, "timestamp": 1787306696663}
{"sessionId": "1c5371", "hypothesisId": "H2", "location": "request_lock.py:_await_cancelled", "message": "await_pulse_end", "data": {"task_done": true}, "timestamp": 1787306696663}
{"sessionId": "1c5371", "hypothesisId": "H2", "location": "request_lock.py:_await_cancelled", "message": "await_pulse_start", "data": {"task_done": true, "task_cancelled": true}, "timestamp": 1787306696663}
{"sessionId": "1c5371", "hypothesisId": "H2", "location": "request_lock.py:_await_cancelled", "message": "await_pulse_end", "data": {"task_done": true}, "timestamp": 1787306696663}
{"sessionId": "1c5371", "hypothesisId": "H1", "location": "controlled_client.py:_wait_graph_rpc", "message": "rpc_done", "data": {"cancelled": false, "exc": null, "cancel_set": false}, "timestamp": 1787306702696}
{"sessionId": "1c5371", "hypothesisId": "H2", "location": "request_lock.py:_await_cancelled", "message": "await_pulse_start", "data": {"task_done": false, "task_cancelled": false}, "timestamp": 1787306702697}
{"sessionId": "1c5371", "hypothesisId": "H2", "location": "request_lock.py:_await_cancelled", "message": "await_pulse_end", "data": {"task_done": true}, "timestamp": 1787306702697}
{"sessionId": "1c5371", "hypothesisId": "H2", "location": "request_lock.py:_await_cancelled", "message": "await_pulse_start", "data": {"task_done": true, "task_cancelled": true}, "timestamp": 1787306702698}
{"sessionId": "1c5371", "hypothesisId": "H2", "location": "request_lock.py:_await_cancelled", "message": "await_pulse_end", "data": {"task_done": true}, "timestamp": 1787306702698}
{"sessionId": "1c5371", "hypothesisId": "H2", "location": "request_lock.py:_await_cancelled", "message": "await_pulse_start", "data": {"task_done": true, "task_cancelled": true}, "timestamp": 1787306702699}
{"sessionId": "1c5371", "hypothesisId": "H2", "location": "request_lock.py:_await_cancelled", "message": "await_pulse_end", "data": {"task_done": true}, "timestamp": 1787306702699}
{"sessionId": "1c5371", "hypothesisId": "H2", "location": "request_lock.py:_await_cancelled", "message": "await_pulse_start", "data": {"task_done": true, "task_cancelled": true}, "timestamp": 1787306702700}
{"sessionId": "1c5371", "hypothesisId": "H2", "location": "request_lock.py:_await_cancelled", "message": "await_pulse_end", "data": {"task_done": true}, "timestamp": 1787306702700}
{"sessionId": "1c5371", "hypothesisId": "H1", "location": "controlled_client.py:_wait_graph_rpc", "message": "rpc_done", "data": {"cancelled": false, "exc": null, "cancel_set": false}, "timestamp": 1787306709084}
{"sessionId": "1c5371", "hypothesisId": "H2", "location": "request_lock.py:_await_cancelled", "message": "await_pulse_start", "data": {"task_done": false, "task_cancelled": false}, "timestamp": 1787306709084}
{"sessionId": "1c5371", "hypothesisId": "H2", "location": "request_lock.py:_await_cancelled", "message": "await_pulse_end", "data": {"task_done": true}, "timestamp": 1787306709086}
{"sessionId": "1c5371", "hypothesisId": "H2", "location": "request_lock.py:_await_cancelled", "message": "await_pulse_start", "data": {"task_done": true, "task_cancelled": true}, "timestamp": 1787306709086}
{"sessionId": "1c5371", "hypothesisId": "H2", "location": "request_lock.py:_await_cancelled", "message": "await_pulse_end", "data": {"task_done": true}, "timestamp": 1787306709086}
{"sessionId": "1c5371", "hypothesisId": "H2", "location": "request_lock.py:_await_cancelled", "message": "await_pulse_start", "data": {"task_done": true, "task_cancelled": true}, "timestamp": 1787306709086}
{"sessionId": "1c5371", "hypothesisId": "H2", "location": "request_lock.py:_await_cancelled", "message": "await_pulse_end", "data": {"task_done": true}, "timestamp": 1787306709087}
{"sessionId": "1c5371", "hypothesisId": "H2", "location": "request_lock.py:_await_cancelled", "message": "await_pulse_start", "data": {"task_done": true, "task_cancelled": true}, "timestamp": 1787306709087}
{"sessionId": "1c5371", "hypothesisId": "H2", "location": "request_lock.py:_await_cancelled", "message": "await_pulse_end", "data": {"task_done": true}, "timestamp": 1787306709087}
{"sessionId": "1c5371", "hypothesisId": "H1", "location": "controlled_client.py:_wait_graph_rpc", "message": "rpc_done", "data": {"cancelled": false, "exc": null, "cancel_set": false}, "timestamp": 1787306714685}
{"sessionId": "1c5371", "hypothesisId": "H2", "location": "request_lock.py:_await_cancelled", "message": "await_pulse_start", "data": {"task_done": false, "task_cancelled": false}, "timestamp": 1787306714686}
{"sessionId": "1c5371", "hypothesisId": "H2", "location": "request_lock.py:_await_cancelled", "message": "await_pulse_end", "data": {"task_done": true}, "timestamp": 1787306714688}
{"sessionId": "1c5371", "hypothesisId": "H2", "location": "request_lock.py:_await_cancelled", "message": "await_pulse_start", "data": {"task_done": true, "task_cancelled": true}, "timestamp": 1787306714689}
{"sessionId": "1c5371", "hypothesisId": "H2", "location": "request_lock.py:_await_cancelled", "message": "await_pulse_end", "data": {"task_done": true}, "timestamp": 1787306714691}
{"sessionId": "1c5371", "hypothesisId": "H2", "location": "request_lock.py:_await_cancelled", "message": "await_pulse_start", "data": {"task_done": true, "task_cancelled": true}, "timestamp": 1787306714691}
{"sessionId": "1c5371", "hypothesisId": "H2", "location": "request_lock.py:_await_cancelled", "message": "await_pulse_end", "data": {"task_done": true}, "timestamp": 1787306714692}
{"sessionId": "1c5371", "hypothesisId": "H2", "location": "request_lock.py:_await_cancelled", "message": "await_pulse_start", "data": {"task_done": true, "task_cancelled": true}, "timestamp": 1787306714692}
{"sessionId": "1c5371", "hypothesisId": "H2", "location": "request_lock.py:_await_cancelled", "message": "await_pulse_end", "data": {"task_done": true}, "timestamp": 1787306714692}
{"sessionId": "1c5371", "hypothesisId": "H1", "location": "controlled_client.py:_wait_graph_rpc", "message": "rpc_done", "data": {"cancelled": false, "exc": null, "cancel_set": false}, "timestamp": 1787306720749}
{"sessionId": "1c5371", "hypothesisId": "H2", "location": "request_lock.py:_await_cancelled", "message": "await_pulse_start", "data": {"task_done": false, "task_cancelled": false}, "timestamp": 1787306720750}
{"sessionId": "1c5371", "hypothesisId": "H2", "location": "request_lock.py:_await_cancelled", "message": "await_pulse_end", "data": {"task_done": true}, "timestamp": 1787306720750}
{"sessionId": "1c5371", "hypothesisId": "H2", "location": "request_lock.py:_await_cancelled", "message": "await_pulse_start", "data": {"task_done": true, "task_cancelled": true}, "timestamp": 1787306720751}
{"sessionId": "1c5371", "hypothesisId": "H2", "location": "request_lock.py:_await_cancelled", "message": "await_pulse_end", "data": {"task_done": true}, "timestamp": 1787306720751}
{"sessionId": "1c5371", "hypothesisId": "H2", "location": "request_lock.py:_await_cancelled", "message": "await_pulse_start", "data": {"task_done": true, "task_cancelled": true}, "timestamp": 1787306720751}
{"sessionId": "1c5371", "hypothesisId": "H2", "location": "request_lock.py:_await_cancelled", "message": "await_pulse_end", "data": {"task_done": true}, "timestamp": 1787306720751}
{"sessionId": "1c5371", "hypothesisId": "H2", "location": "request_lock.py:_await_cancelled", "message": "await_pulse_start", "data": {"task_done": true, "task_cancelled": true}, "timestamp": 1787306720752}
{"sessionId": "1c5371", "hypothesisId": "H2", "location": "request_lock.py:_await_cancelled", "message": "await_pulse_end", "data": {"task_done": true}, "timestamp": 1787306720753}
{"sessionId": "1c5371", "hypothesisId": "H1", "location": "controlled_client.py:_wait_graph_rpc", "message": "rpc_done", "data": {"cancelled": false, "exc": null, "cancel_set": false}, "timestamp": 1787306726806}
{"sessionId": "1c5371", "hypothesisId": "H2", "location": "request_lock.py:_await_cancelled", "message": "await_pulse_start", "data": {"task_done": false, "task_cancelled": false}, "timestamp": 1787306726806}
{"sessionId": "1c5371", "hypothesisId": "H2", "location": "request_lock.py:_await_cancelled", "message": "await_pulse_end", "data": {"task_done": true}, "timestamp": 1787306726807}
{"sessionId": "1c5371", "hypothesisId": "H2", "location": "request_lock.py:_await_cancelled", "message": "await_pulse_start", "data": {"task_done": true, "task_cancelled": true}, "timestamp": 1787306726807}
{"sessionId": "1c5371", "hypothesisId": "H2", "location": "request_lock.py:_await_cancelled", "message": "await_pulse_end", "data": {"task_done": true}, "timestamp": 1787306726807}
{"sessionId": "1c5371", "hypothesisId": "H2", "location": "request_lock.py:_await_cancelled", "message": "await_pulse_start", "data": {"task_done": true, "task_cancelled": true}, "timestamp": 1787306726808}
{"sessionId": "1c5371", "hypothesisId": "H2", "location": "request_lock.py:_await_cancelled", "message": "await_pulse_end", "data": {"task_done": true}, "timestamp": 1787306726808}
{"sessionId": "1c5371", "hypothesisId": "H2", "location": "request_lock.py:_await_cancelled", "message": "await_pulse_start", "data": {"task_done": true, "task_cancelled": true}, "timestamp": 1787306726808}
{"sessionId": "1c5371", "hypothesisId": "H2", "location": "request_lock.py:_await_cancelled", "message": "await_pulse_end", "data": {"task_done": true}, "timestamp": 1787306726809}
{"sessionId": "1c5371", "hypothesisId": "H1", "location": "controlled_client.py:_wait_graph_rpc", "message": "rpc_done", "data": {"cancelled": false, "exc": null, "cancel_set": false}, "timestamp": 1787306732863}
{"sessionId": "1c5371", "hypothesisId": "H2", "location": "request_lock.py:_await_cancelled", "message": "await_pulse_start", "data": {"task_done": false, "task_cancelled": false}, "timestamp": 1787306732864}
{"sessionId": "1c5371", "hypothesisId": "H2", "location": "request_lock.py:_await_cancelled", "message": "await_pulse_end", "data": {"task_done": true}, "timestamp": 1787306732865}
{"sessionId": "1c5371", "hypothesisId": "H2", "location": "request_lock.py:_await_cancelled", "message": "await_pulse_start", "data": {"task_done": true, "task_cancelled": true}, "timestamp": 1787306732865}
{"sessionId": "1c5371", "hypothesisId": "H2", "location": "request_lock.py:_await_cancelled", "message": "await_pulse_end", "data": {"task_done": true}, "timestamp": 1787306732865}
{"sessionId": "1c5371", "hypothesisId": "H2", "location": "request_lock.py:_await_cancelled", "message": "await_pulse_start", "data": {"task_done": true, "task_cancelled": true}, "timestamp": 1787306732866}
{"sessionId": "1c5371", "hypothesisId": "H2", "location": "request_lock.py:_await_cancelled", "message": "await_pulse_end", "data": {"task_done": true}, "timestamp": 1787306732866}
{"sessionId": "1c5371", "hypothesisId": "H2", "location": "request_lock.py:_await_cancelled", "message": "await_pulse_start", "data": {"task_done": true, "task_cancelled": true}, "timestamp": 1787306732867}
{"sessionId": "1c5371", "hypothesisId": "H2", "location": "request_lock.py:_await_cancelled", "message": "await_pulse_end", "data": {"task_done": true}, "timestamp": 1787306732867}
{"sessionId": "1c5371", "hypothesisId": "H1", "location": "controlled_client.py:_wait_graph_rpc", "message": "rpc_done", "data": {"cancelled": false, "exc": null, "cancel_set": false}, "timestamp": 1787306738783}
{"sessionId": "1c5371", "hypothesisId": "H2", "location": "request_lock.py:_await_cancelled", "message": "await_pulse_start", "data": {"task_done": false, "task_cancelled": false}, "timestamp": 1787306738785}
{"sessionId": "1c5371", "hypothesisId": "H2", "location": "request_lock.py:_await_cancelled", "message": "await_pulse_end", "data": {"task_done": true}, "timestamp": 1787306738787}
{"sessionId": "1c5371", "hypothesisId": "H2", "location": "request_lock.py:_await_cancelled", "message": "await_pulse_start", "data": {"task_done": true, "task_cancelled": true}, "timestamp": 1787306738787}
{"sessionId": "1c5371", "hypothesisId": "H2", "location": "request_lock.py:_await_cancelled", "message": "await_pulse_end", "data": {"task_done": true}, "timestamp": 1787306738788}
{"sessionId": "1c5371", "hypothesisId": "H2", "location": "request_lock.py:_await_cancelled", "message": "await_pulse_start", "data": {"task_done": true, "task_cancelled": true}, "timestamp": 1787306738788}
{"sessionId": "1c5371", "hypothesisId": "H2", "location": "request_lock.py:_await_cancelled", "message": "await_pulse_end", "data": {"task_done": true}, "timestamp": 1787306738788}
{"sessionId": "1c5371", "hypothesisId": "H2", "location": "request_lock.py:_await_cancelled", "message": "await_pulse_start", "data": {"task_done": true, "task_cancelled": true}, "timestamp": 1787306738789}
{"sessionId": "1c5371", "hypothesisId": "H2", "location": "request_lock.py:_await_cancelled", "message": "await_pulse_end", "data": {"task_done": true}, "timestamp": 1787306738789}
{"sessionId": "1c5371", "hypothesisId": "H1", "location": "controlled_client.py:_wait_graph_rpc", "message": "rpc_done", "data": {"cancelled": false, "exc": null, "cancel_set": false}, "timestamp": 1787306745475}
{"sessionId": "1c5371", "hypothesisId": "H2", "location": "request_lock.py:_await_cancelled", "message": "await_pulse_start", "data": {"task_done": false, "task_cancelled": false}, "timestamp": 1787306745475}
{"sessionId": "1c5371", "hypothesisId": "H2", "location": "request_lock.py:_await_cancelled", "message": "await_pulse_end", "data": {"task_done": true}, "timestamp": 1787306745476}
{"sessionId": "1c5371", "hypothesisId": "H2", "location": "request_lock.py:_await_cancelled", "message": "await_pulse_start", "data": {"task_done": true, "task_cancelled": true}, "timestamp": 1787306745477}
{"sessionId": "1c5371", "hypothesisId": "H2", "location": "request_lock.py:_await_cancelled", "message": "await_pulse_end", "data": {"task_done": true}, "timestamp": 1787306745477}
{"sessionId": "1c5371", "hypothesisId": "H2", "location": "request_lock.py:_await_cancelled", "message": "await_pulse_start", "data": {"task_done": true, "task_cancelled": true}, "timestamp": 1787306745478}
{"sessionId": "1c5371", "hypothesisId": "H2", "location": "request_lock.py:_await_cancelled", "message": "await_pulse_end", "data": {"task_done": true}, "timestamp": 1787306745478}
{"sessionId": "1c5371", "hypothesisId": "H2", "location": "request_lock.py:_await_cancelled", "message": "await_pulse_start", "data": {"task_done": true, "task_cancelled": true}, "timestamp": 1787306745478}
{"sessionId": "1c5371", "hypothesisId": "H2", "location": "request_lock.py:_await_cancelled", "message": "await_pulse_end", "data": {"task_done": true}, "timestamp": 1787306745479}
{"sessionId": "1c5371", "hypothesisId": "H1", "location": "controlled_client.py:_wait_graph_rpc", "message": "rpc_done", "data": {"cancelled": false, "exc": null, "cancel_set": false}, "timestamp": 1787306750829}
{"sessionId": "1c5371", "hypothesisId": "H2", "location": "request_lock.py:_await_cancelled", "message": "await_pulse_start", "data": {"task_done": false, "task_cancelled": false}, "timestamp": 1787306750830}
{"sessionId": "1c5371", "hypothesisId": "H2", "location": "request_lock.py:_await_cancelled", "message": "await_pulse_end", "data": {"task_done": true}, "timestamp": 1787306750831}
{"sessionId": "1c5371", "hypothesisId": "H2", "location": "request_lock.py:_await_cancelled", "message": "await_pulse_start", "data": {"task_done": true, "task_cancelled": true}, "timestamp": 1787306750832}
{"sessionId": "1c5371", "hypothesisId": "H2", "location": "request_lock.py:_await_cancelled", "message": "await_pulse_end", "data": {"task_done": true}, "timestamp": 1787306750834}
{"sessionId": "1c5371", "hypothesisId": "H2", "location": "request_lock.py:_await_cancelled", "message": "await_pulse_start", "data": {"task_done": true, "task_cancelled": true}, "timestamp": 1787306750834}
{"sessionId": "1c5371", "hypothesisId": "H2", "location": "request_lock.py:_await_cancelled", "message": "await_pulse_end", "data": {"task_done": true}, "timestamp": 1787306750834}
{"sessionId": "1c5371", "hypothesisId": "H2", "location": "request_lock.py:_await_cancelled", "message": "await_pulse_start", "data": {"task_done": true, "task_cancelled": true}, "timestamp": 1787306750835}
{"sessionId": "1c5371", "hypothesisId": "H2", "location": "request_lock.py:_await_cancelled", "message": "await_pulse_end", "data": {"task_done": true}, "timestamp": 1787306750835}
{"sessionId": "1c5371", "hypothesisId": "H1", "location": "controlled_client.py:_wait_graph_rpc", "message": "rpc_done", "data": {"cancelled": false, "exc": null, "cancel_set": false}, "timestamp": 1787306756869}
{"sessionId": "1c5371", "hypothesisId": "H2", "location": "request_lock.py:_await_cancelled", "message": "await_pulse_start", "data": {"task_done": false, "task_cancelled": false}, "timestamp": 1787306756871}
{"sessionId": "1c5371", "hypothesisId": "H2", "location": "request_lock.py:_await_cancelled", "message": "await_pulse_end", "data": {"task_done": true}, "timestamp": 1787306756872}
{"sessionId": "1c5371", "hypothesisId": "H2", "location": "request_lock.py:_await_cancelled", "message": "await_pulse_start", "data": {"task_done": true, "task_cancelled": true}, "timestamp": 1787306756873}
{"sessionId": "1c5371", "hypothesisId": "H2", "location": "request_lock.py:_await_cancelled", "message": "await_pulse_end", "data": {"task_done": true}, "timestamp": 1787306756874}
{"sessionId": "1c5371", "hypothesisId": "H2", "location": "request_lock.py:_await_cancelled", "message": "await_pulse_start", "data": {"task_done": true, "task_cancelled": true}, "timestamp": 1787306756876}
{"sessionId": "1c5371", "hypothesisId": "H2", "location": "request_lock.py:_await_cancelled", "message": "await_pulse_end", "data": {"task_done": true}, "timestamp": 1787306756876}
{"sessionId": "1c5371", "hypothesisId": "H2", "location": "request_lock.py:_await_cancelled", "message": "await_pulse_start", "data": {"task_done": true, "task_cancelled": true}, "timestamp": 1787306756877}
{"sessionId": "1c5371", "hypothesisId": "H2", "location": "request_lock.py:_await_cancelled", "message": "await_pulse_end", "data": {"task_done": true}, "timestamp": 1787306756878}
{"sessionId": "1c5371", "hypothesisId": "H1", "location": "controlled_client.py:_wait_graph_rpc", "message": "rpc_done", "data": {"cancelled": false, "exc": null, "cancel_set": false}, "timestamp": 1787306763216}
{"sessionId": "1c5371", "hypothesisId": "H2", "location": "request_lock.py:_await_cancelled", "message": "await_pulse_start", "data": {"task_done": false, "task_cancelled": false}, "timestamp": 1787306763216}
{"sessionId": "1c5371", "hypothesisId": "H2", "location": "request_lock.py:_await_cancelled", "message": "await_pulse_end", "data": {"task_done": true}, "timestamp": 1787306763217}
{"sessionId": "1c5371", "hypothesisId": "H2", "location": "request_lock.py:_await_cancelled", "message": "await_pulse_start", "data": {"task_done": true, "task_cancelled": true}, "timestamp": 1787306763217}
{"sessionId": "1c5371", "hypothesisId": "H2", "location": "request_lock.py:_await_cancelled", "message": "await_pulse_end", "data": {"task_done": true}, "timestamp": 1787306763217}
{"sessionId": "1c5371", "hypothesisId": "H2", "location": "request_lock.py:_await_cancelled", "message": "await_pulse_start", "data": {"task_done": true, "task_cancelled": true}, "timestamp": 1787306763218}
{"sessionId": "1c5371", "hypothesisId": "H2", "location": "request_lock.py:_await_cancelled", "message": "await_pulse_end", "data": {"task_done": true}, "timestamp": 1787306763218}
{"sessionId": "1c5371", "hypothesisId": "H2", "location": "request_lock.py:_await_cancelled", "message": "await_pulse_start", "data": {"task_done": true, "task_cancelled": true}, "timestamp": 1787306763219}
{"sessionId": "1c5371", "hypothesisId": "H2", "location": "request_lock.py:_await_cancelled", "message": "await_pulse_end", "data": {"task_done": true}, "timestamp": 1787306763219}
{"sessionId": "1c5371", "hypothesisId": "H1", "location": "controlled_client.py:_wait_graph_rpc", "message": "rpc_done", "data": {"cancelled": false, "exc": null, "cancel_set": false}, "timestamp": 1787306768867}
{"sessionId": "1c5371", "hypothesisId": "H2", "location": "request_lock.py:_await_cancelled", "message": "await_pulse_start", "data": {"task_done": false, "task_cancelled": false}, "timestamp": 1787306768868}
{"sessionId": "1c5371", "hypothesisId": "H2", "location": "request_lock.py:_await_cancelled", "message": "await_pulse_end", "data": {"task_done": true}, "timestamp": 1787306768868}
{"sessionId": "1c5371", "hypothesisId": "H2", "location": "request_lock.py:_await_cancelled", "message": "await_pulse_start", "data": {"task_done": true, "task_cancelled": true}, "timestamp": 1787306768868}
{"sessionId": "1c5371", "hypothesisId": "H2", "location": "request_lock.py:_await_cancelled", "message": "await_pulse_end", "data": {"task_done": true}, "timestamp": 1787306768869}
{"sessionId": "1c5371", "hypothesisId": "H2", "location": "request_lock.py:_await_cancelled", "message": "await_pulse_start", "data": {"task_done": true, "task_cancelled": true}, "timestamp": 1787306768869}
{"sessionId": "1c5371", "hypothesisId": "H2", "location": "request_lock.py:_await_cancelled", "message": "await_pulse_end", "data": {"task_done": true}, "timestamp": 1787306768870}
{"sessionId": "1c5371", "hypothesisId": "H2", "location": "request_lock.py:_await_cancelled", "message": "await_pulse_start", "data": {"task_done": true, "task_cancelled": true}, "timestamp": 1787306768870}
{"sessionId": "1c5371", "hypothesisId": "H2", "location": "request_lock.py:_await_cancelled", "message": "await_pulse_end", "data": {"task_done": true}, "timestamp": 1787306768870}
{"sessionId": "1c5371", "hypothesisId": "H1", "location": "controlled_client.py:_wait_graph_rpc", "message": "rpc_done", "data": {"cancelled": false, "exc": null, "cancel_set": false}, "timestamp": 1787306774897}
{"sessionId": "1c5371", "hypothesisId": "H2", "location": "request_lock.py:_await_cancelled", "message": "await_pulse_start", "data": {"task_done": false, "task_cancelled": false}, "timestamp": 1787306774898}
{"sessionId": "1c5371", "hypothesisId": "H2", "location": "request_lock.py:_await_cancelled", "message": "await_pulse_end", "data": {"task_done": true}, "timestamp": 1787306774898}
{"sessionId": "1c5371", "hypothesisId": "H2", "location": "request_lock.py:_await_cancelled", "message": "await_pulse_start", "data": {"task_done": true, "task_cancelled": true}, "timestamp": 1787306774899}
{"sessionId": "1c5371", "hypothesisId": "H2", "location": "request_lock.py:_await_cancelled", "message": "await_pulse_end", "data": {"task_done": true}, "timestamp": 1787306774899}
{"sessionId": "1c5371", "hypothesisId": "H2", "location": "request_lock.py:_await_cancelled", "message": "await_pulse_start", "data": {"task_done": true, "task_cancelled": true}, "timestamp": 1787306774899}
{"sessionId": "1c5371", "hypothesisId": "H2", "location": "request_lock.py:_await_cancelled", "message": "await_pulse_end", "data": {"task_done": true}, "timestamp": 1787306774900}
{"sessionId": "1c5371", "hypothesisId": "H2", "location": "request_lock.py:_await_cancelled", "message": "await_pulse_start", "data": {"task_done": true, "task_cancelled": true}, "timestamp": 1787306774900}
{"sessionId": "1c5371", "hypothesisId": "H2", "location": "request_lock.py:_await_cancelled", "message": "await_pulse_end", "data": {"task_done": true}, "timestamp": 1787306774900}
{"sessionId": "1c5371", "hypothesisId": "H1", "location": "controlled_client.py:_wait_graph_rpc", "message": "rpc_done", "data": {"cancelled": false, "exc": null, "cancel_set": false}, "timestamp": 1787306781149}
{"sessionId": "1c5371", "hypothesisId": "H2", "location": "request_lock.py:_await_cancelled", "message": "await_pulse_start", "data": {"task_done": false, "task_cancelled": false}, "timestamp": 1787306781150}
{"sessionId": "1c5371", "hypothesisId": "H2", "location": "request_lock.py:_await_cancelled", "message": "await_pulse_end", "data": {"task_done": true}, "timestamp": 1787306781151}
{"sessionId": "1c5371", "hypothesisId": "H2", "location": "request_lock.py:_await_cancelled", "message": "await_pulse_start", "data": {"task_done": true, "task_cancelled": true}, "timestamp": 1787306781151}
{"sessionId": "1c5371", "hypothesisId": "H2", "location": "request_lock.py:_await_cancelled", "message": "await_pulse_end", "data": {"task_done": true}, "timestamp": 1787306781151}
{"sessionId": "1c5371", "hypothesisId": "H2", "location": "request_lock.py:_await_cancelled", "message": "await_pulse_start", "data": {"task_done": true, "task_cancelled": true}, "timestamp": 1787306781151}
{"sessionId": "1c5371", "hypothesisId": "H2", "location": "request_lock.py:_await_cancelled", "message": "await_pulse_end", "data": {"task_done": true}, "timestamp": 1787306781152}
{"sessionId": "1c5371", "hypothesisId": "H2", "location": "request_lock.py:_await_cancelled", "message": "await_pulse_start", "data": {"task_done": true, "task_cancelled": true}, "timestamp": 1787306781152}
{"sessionId": "1c5371", "hypothesisId": "H2", "location": "request_lock.py:_await_cancelled", "message": "await_pulse_end", "data": {"task_done": true}, "timestamp": 1787306781152}
{"sessionId": "1c5371", "hypothesisId": "H1", "location": "controlled_client.py:_wait_graph_rpc", "message": "rpc_done", "data": {"cancelled": false, "exc": null, "cancel_set": false}, "timestamp": 1787306786934}
{"sessionId": "1c5371", "hypothesisId": "H2", "location": "request_lock.py:_await_cancelled", "message": "await_pulse_start", "data": {"task_done": false, "task_cancelled": false}, "timestamp": 1787306786935}
{"sessionId": "1c5371", "hypothesisId": "H2", "location": "request_lock.py:_await_cancelled", "message": "await_pulse_end", "data": {"task_done": true}, "timestamp": 1787306786935}
{"sessionId": "1c5371", "hypothesisId": "H2", "location": "request_lock.py:_await_cancelled", "message": "await_pulse_start", "data": {"task_done": true, "task_cancelled": true}, "timestamp": 1787306786935}
{"sessionId": "1c5371", "hypothesisId": "H2", "location": "request_lock.py:_await_cancelled", "message": "await_pulse_end", "data": {"task_done": true}, "timestamp": 1787306786935}
{"sessionId": "1c5371", "hypothesisId": "H2", "location": "request_lock.py:_await_cancelled", "message": "await_pulse_start", "data": {"task_done": true, "task_cancelled": true}, "timestamp": 1787306786935}
{"sessionId": "1c5371", "hypothesisId": "H2", "location": "request_lock.py:_await_cancelled", "message": "await_pulse_end", "data": {"task_done": true}, "timestamp": 1787306786936}
{"sessionId": "1c5371", "hypothesisId": "H2", "location": "request_lock.py:_await_cancelled", "message": "await_pulse_start", "data": {"task_done": true, "task_cancelled": true}, "timestamp": 1787306786936}
{"sessionId": "1c5371", "hypothesisId": "H2", "location": "request_lock.py:_await_cancelled", "message": "await_pulse_end", "data": {"task_done": true}, "timestamp": 1787306786937}
{"sessionId": "1c5371", "hypothesisId": "H1", "location": "controlled_client.py:_wait_graph_rpc", "message": "rpc_done", "data": {"cancelled": false, "exc": null, "cancel_set": false}, "timestamp": 1787306792881}
{"sessionId": "1c5371", "hypothesisId": "H2", "location": "request_lock.py:_await_cancelled", "message": "await_pulse_start", "data": {"task_done": false, "task_cancelled": false}, "timestamp": 1787306792882}
{"sessionId": "1c5371", "hypothesisId": "H2", "location": "request_lock.py:_await_cancelled", "message": "await_pulse_end", "data": {"task_done": true}, "timestamp": 1787306792882}
{"sessionId": "1c5371", "hypothesisId": "H2", "location": "request_lock.py:_await_cancelled", "message": "await_pulse_start", "data": {"task_done": true, "task_cancelled": true}, "timestamp": 1787306792883}
{"sessionId": "1c5371", "hypothesisId": "H2", "location": "request_lock.py:_await_cancelled", "message": "await_pulse_end", "data": {"task_done": true}, "timestamp": 1787306792883}
{"sessionId": "1c5371", "hypothesisId": "H2", "location": "request_lock.py:_await_cancelled", "message": "await_pulse_start", "data": {"task_done": true, "task_cancelled": true}, "timestamp": 1787306792883}
{"sessionId": "1c5371", "hypothesisId": "H2", "location": "request_lock.py:_await_cancelled", "message": "await_pulse_end", "data": {"task_done": true}, "timestamp": 1787306792883}
{"sessionId": "1c5371", "hypothesisId": "H2", "location": "request_lock.py:_await_cancelled", "message": "await_pulse_start", "data": {"task_done": true, "task_cancelled": true}, "timestamp": 1787306792883}
{"sessionId": "1c5371", "hypothesisId": "H2", "location": "request_lock.py:_await_cancelled", "message": "await_pulse_end", "data": {"task_done": true}, "timestamp": 1787306792884}
{"sessionId": "1c5371", "hypothesisId": "H1", "location": "controlled_client.py:_wait_graph_rpc", "message": "rpc_done", "data": {"cancelled": false, "exc": null, "cancel_set": false}, "timestamp": 1787306799277}
{"sessionId": "1c5371", "hypothesisId": "H2", "location": "request_lock.py:_await_cancelled", "message": "await_pulse_start", "data": {"task_done": false, "task_cancelled": false}, "timestamp": 1787306799278}
{"sessionId": "1c5371", "hypothesisId": "H2", "location": "request_lock.py:_await_cancelled", "message": "await_pulse_end", "data": {"task_done": true}, "timestamp": 1787306799278}
{"sessionId": "1c5371", "hypothesisId": "H2", "location": "request_lock.py:_await_cancelled", "message": "await_pulse_start", "data": {"task_done": true, "task_cancelled": true}, "timestamp": 1787306799279}
{"sessionId": "1c5371", "hypothesisId": "H2", "location": "request_lock.py:_await_cancelled", "message": "await_pulse_end", "data": {"task_done": true}, "timestamp": 1787306799279}
{"sessionId": "1c5371", "hypothesisId": "H2", "location": "request_lock.py:_await_cancelled", "message": "await_pulse_start", "data": {"task_done": true, "task_cancelled": true}, "timestamp": 1787306799279}
{"sessionId": "1c5371", "hypothesisId": "H2", "location": "request_lock.py:_await_cancelled", "message": "await_pulse_end", "data": {"task_done": true}, "timestamp": 1787306799279}
{"sessionId": "1c5371", "hypothesisId": "H2", "location": "request_lock.py:_await_cancelled", "message": "await_pulse_start", "data": {"task_done": true, "task_cancelled": true}, "timestamp": 1787306799280}
{"sessionId": "1c5371", "hypothesisId": "H2", "location": "request_lock.py:_await_cancelled", "message": "await_pulse_end", "data": {"task_done": true}, "timestamp": 1787306799281}
{"sessionId": "1c5371", "hypothesisId": "H1", "location": "controlled_client.py:_wait_graph_rpc", "message": "rpc_done", "data": {"cancelled": false, "exc": null, "cancel_set": false}, "timestamp": 1787306804974}
{"sessionId": "1c5371", "hypothesisId": "H2", "location": "request_lock.py:_await_cancelled", "message": "await_pulse_start", "data": {"task_done": false, "task_cancelled": false}, "timestamp": 1787306804975}
{"sessionId": "1c5371", "hypothesisId": "H2", "location": "request_lock.py:_await_cancelled", "message": "await_pulse_end", "data": {"task_done": true}, "timestamp": 1787306804975}
{"sessionId": "1c5371", "hypothesisId": "H2", "location": "request_lock.py:_await_cancelled", "message": "await_pulse_start", "data": {"task_done": true, "task_cancelled": true}, "timestamp": 1787306804976}
{"sessionId": "1c5371", "hypothesisId": "H2", "location": "request_lock.py:_await_cancelled", "message": "await_pulse_end", "data": {"task_done": true}, "timestamp": 1787306804976}
{"sessionId": "1c5371", "hypothesisId": "H2", "location": "request_lock.py:_await_cancelled", "message": "await_pulse_start", "data": {"task_done": true, "task_cancelled": true}, "timestamp": 1787306804976}
{"sessionId": "1c5371", "hypothesisId": "H2", "location": "request_lock.py:_await_cancelled", "message": "await_pulse_end", "data": {"task_done": true}, "timestamp": 1787306804977}
{"sessionId": "1c5371", "hypothesisId": "H2", "location": "request_lock.py:_await_cancelled", "message": "await_pulse_start", "data": {"task_done": true, "task_cancelled": true}, "timestamp": 1787306804977}
{"sessionId": "1c5371", "hypothesisId": "H2", "location": "request_lock.py:_await_cancelled", "message": "await_pulse_end", "data": {"task_done": true}, "timestamp": 1787306804977}
{"sessionId": "1c5371", "hypothesisId": "H1", "location": "controlled_client.py:_wait_graph_rpc", "message": "rpc_done", "data": {"cancelled": false, "exc": null, "cancel_set": false}, "timestamp": 1787306811000}
{"sessionId": "1c5371", "hypothesisId": "H2", "location": "request_lock.py:_await_cancelled", "message": "await_pulse_start", "data": {"task_done": false, "task_cancelled": false}, "timestamp": 1787306811001}
{"sessionId": "1c5371", "hypothesisId": "H2", "location": "request_lock.py:_await_cancelled", "message": "await_pulse_end", "data": {"task_done": true}, "timestamp": 1787306811001}
{"sessionId": "1c5371", "hypothesisId": "H2", "location": "request_lock.py:_await_cancelled", "message": "await_pulse_start", "data": {"task_done": true, "task_cancelled": true}, "timestamp": 1787306811002}
{"sessionId": "1c5371", "hypothesisId": "H2", "location": "request_lock.py:_await_cancelled", "message": "await_pulse_end", "data": {"task_done": true}, "timestamp": 1787306811003}
{"sessionId": "1c5371", "hypothesisId": "H2", "location": "request_lock.py:_await_cancelled", "message": "await_pulse_start", "data": {"task_done": true, "task_cancelled": true}, "timestamp": 1787306811003}
{"sessionId": "1c5371", "hypothesisId": "H2", "location": "request_lock.py:_await_cancelled", "message": "await_pulse_end", "data": {"task_done": true}, "timestamp": 1787306811003}
{"sessionId": "1c5371", "hypothesisId": "H2", "location": "request_lock.py:_await_cancelled", "message": "await_pulse_start", "data": {"task_done": true, "task_cancelled": true}, "timestamp": 1787306811003}
{"sessionId": "1c5371", "hypothesisId": "H2", "location": "request_lock.py:_await_cancelled", "message": "await_pulse_end", "data": {"task_done": true}, "timestamp": 1787306811004}
{"sessionId": "1c5371", "hypothesisId": "H1", "location": "controlled_client.py:_wait_graph_rpc", "message": "rpc_done", "data": {"cancelled": false, "exc": null, "cancel_set": false}, "timestamp": 1787306817492}
{"sessionId": "1c5371", "hypothesisId": "H2", "location": "request_lock.py:_await_cancelled", "message": "await_pulse_start", "data": {"task_done": false, "task_cancelled": false}, "timestamp": 1787306817492}
{"sessionId": "1c5371", "hypothesisId": "H2", "location": "request_lock.py:_await_cancelled", "message": "await_pulse_end", "data": {"task_done": true}, "timestamp": 1787306817492}
{"sessionId": "1c5371", "hypothesisId": "H2", "location": "request_lock.py:_await_cancelled", "message": "await_pulse_start", "data": {"task_done": true, "task_cancelled": true}, "timestamp": 1787306817493}
{"sessionId": "1c5371", "hypothesisId": "H2", "location": "request_lock.py:_await_cancelled", "message": "await_pulse_end", "data": {"task_done": true}, "timestamp": 1787306817493}
{"sessionId": "1c5371", "hypothesisId": "H2", "location": "request_lock.py:_await_cancelled", "message": "await_pulse_start", "data": {"task_done": true, "task_cancelled": true}, "timestamp": 1787306817494}
{"sessionId": "1c5371", "hypothesisId": "H2", "location": "request_lock.py:_await_cancelled", "message": "await_pulse_end", "data": {"task_done": true}, "timestamp": 1787306817494}
{"sessionId": "1c5371", "hypothesisId": "H2", "location": "request_lock.py:_await_cancelled", "message": "await_pulse_start", "data": {"task_done": true, "task_cancelled": true}, "timestamp": 1787306817494}
{"sessionId": "1c5371", "hypothesisId": "H2", "location": "request_lock.py:_await_cancelled", "message": "await_pulse_end", "data": {"task_done": true}, "timestamp": 1787306817495}
{"sessionId": "1c5371", "hypothesisId": "H1", "location": "controlled_client.py:_wait_graph_rpc", "message": "rpc_done", "data": {"cancelled": false, "exc": null, "cancel_set": false}, "timestamp": 1787306822974}
{"sessionId": "1c5371", "hypothesisId": "H2", "location": "request_lock.py:_await_cancelled", "message": "await_pulse_start", "data": {"task_done": false, "task_cancelled": false}, "timestamp": 1787306822975}
{"sessionId": "1c5371", "hypothesisId": "H2", "location": "request_lock.py:_await_cancelled", "message": "await_pulse_end", "data": {"task_done": true}, "timestamp": 1787306822975}
{"sessionId": "1c5371", "hypothesisId": "H2", "location": "request_lock.py:_await_cancelled", "message": "await_pulse_start", "data": {"task_done": true, "task_cancelled": true}, "timestamp": 1787306822975}
{"sessionId": "1c5371", "hypothesisId": "H2", "location": "request_lock.py:_await_cancelled", "message": "await_pulse_end", "data": {"task_done": true}, "timestamp": 1787306822976}
{"sessionId": "1c5371", "hypothesisId": "H2", "location": "request_lock.py:_await_cancelled", "message": "await_pulse_start", "data": {"task_done": true, "task_cancelled": true}, "timestamp": 1787306822976}
{"sessionId": "1c5371", "hypothesisId": "H2", "location": "request_lock.py:_await_cancelled", "message": "await_pulse_end", "data": {"task_done": true}, "timestamp": 1787306822976}
{"sessionId": "1c5371", "hypothesisId": "H2", "location": "request_lock.py:_await_cancelled", "message": "await_pulse_start", "data": {"task_done": true, "task_cancelled": true}, "timestamp": 1787306822976}
{"sessionId": "1c5371", "hypothesisId": "H2", "location": "request_lock.py:_await_cancelled", "message": "await_pulse_end", "data": {"task_done": true}, "timestamp": 1787306822977}
{"sessionId": "1c5371", "hypothesisId": "H1", "location": "controlled_client.py:_wait_graph_rpc", "message": "rpc_done", "data": {"cancelled": false, "exc": null, "cancel_set": false}, "timestamp": 1787306829071}
{"sessionId": "1c5371", "hypothesisId": "H2", "location": "request_lock.py:_await_cancelled", "message": "await_pulse_start", "data": {"task_done": false, "task_cancelled": false}, "timestamp": 1787306829071}
{"sessionId": "1c5371", "hypothesisId": "H2", "location": "request_lock.py:_await_cancelled", "message": "await_pulse_end", "data": {"task_done": true}, "timestamp": 1787306829072}
{"sessionId": "1c5371", "hypothesisId": "H2", "location": "request_lock.py:_await_cancelled", "message": "await_pulse_start", "data": {"task_done": true, "task_cancelled": true}, "timestamp": 1787306829072}
{"sessionId": "1c5371", "hypothesisId": "H2", "location": "request_lock.py:_await_cancelled", "message": "await_pulse_end", "data": {"task_done": true}, "timestamp": 1787306829072}
{"sessionId": "1c5371", "hypothesisId": "H2", "location": "request_lock.py:_await_cancelled", "message": "await_pulse_start", "data": {"task_done": true, "task_cancelled": true}, "timestamp": 1787306829073}
{"sessionId": "1c5371", "hypothesisId": "H2", "location": "request_lock.py:_await_cancelled", "message": "await_pulse_end", "data": {"task_done": true}, "timestamp": 1787306829073}
{"sessionId": "1c5371", "hypothesisId": "H2", "location": "request_lock.py:_await_cancelled", "message": "await_pulse_start", "data": {"task_done": true, "task_cancelled": true}, "timestamp": 1787306829073}
{"sessionId": "1c5371", "hypothesisId": "H2", "location": "request_lock.py:_await_cancelled", "message": "await_pulse_end", "data": {"task_done": true}, "timestamp": 1787306829073}
{"sessionId": "1c5371", "hypothesisId": "H1", "location": "controlled_client.py:_wait_graph_rpc", "message": "rpc_done", "data": {"cancelled": false, "exc": null, "cancel_set": false}, "timestamp": 1787306835265}
{"sessionId": "1c5371", "hypothesisId": "H2", "location": "request_lock.py:_await_cancelled", "message": "await_pulse_start", "data": {"task_done": false, "task_cancelled": false}, "timestamp": 1787306835266}
{"sessionId": "1c5371", "hypothesisId": "H2", "location": "request_lock.py:_await_cancelled", "message": "await_pulse_end", "data": {"task_done": true}, "timestamp": 1787306835270}
{"sessionId": "1c5371", "hypothesisId": "H2", "location": "request_lock.py:_await_cancelled", "message": "await_pulse_start", "data": {"task_done": true, "task_cancelled": true}, "timestamp": 1787306835270}
{"sessionId": "1c5371", "hypothesisId": "H2", "location": "request_lock.py:_await_cancelled", "message": "await_pulse_end", "data": {"task_done": true}, "timestamp": 1787306835270}
{"sessionId": "1c5371", "hypothesisId": "H2", "location": "request_lock.py:_await_cancelled", "message": "await_pulse_start", "data": {"task_done": true, "task_cancelled": true}, "timestamp": 1787306835271}
{"sessionId": "1c5371", "hypothesisId": "H2", "location": "request_lock.py:_await_cancelled", "message": "await_pulse_end", "data": {"task_done": true}, "timestamp": 1787306835271}
{"sessionId": "1c5371", "hypothesisId": "H2", "location": "request_lock.py:_await_cancelled", "message": "await_pulse_start", "data": {"task_done": true, "task_cancelled": true}, "timestamp": 1787306835272}
{"sessionId": "1c5371", "hypothesisId": "H2", "location": "request_lock.py:_await_cancelled", "message": "await_pulse_end", "data": {"task_done": true}, "timestamp": 1787306835272}
{"sessionId": "1c5371", "hypothesisId": "H1", "location": "controlled_client.py:_wait_graph_rpc", "message": "rpc_done", "data": {"cancelled": false, "exc": null, "cancel_set": false}, "timestamp": 1787306841096}
{"sessionId": "1c5371", "hypothesisId": "H2", "location": "request_lock.py:_await_cancelled", "message": "await_pulse_start", "data": {"task_done": false, "task_cancelled": false}, "timestamp": 1787306841098}
{"sessionId": "1c5371", "hypothesisId": "H2", "location": "request_lock.py:_await_cancelled", "message": "await_pulse_end", "data": {"task_done": true}, "timestamp": 1787306841103}
{"sessionId": "1c5371", "hypothesisId": "H2", "location": "request_lock.py:_await_cancelled", "message": "await_pulse_start", "data": {"task_done": true, "task_cancelled": true}, "timestamp": 1787306841104}
{"sessionId": "1c5371", "hypothesisId": "H2", "location": "request_lock.py:_await_cancelled", "message": "await_pulse_end", "data": {"task_done": true}, "timestamp": 1787306841105}
{"sessionId": "1c5371", "hypothesisId": "H2", "location": "request_lock.py:_await_cancelled", "message": "await_pulse_start", "data": {"task_done": true, "task_cancelled": true}, "timestamp": 1787306841106}
{"sessionId": "1c5371", "hypothesisId": "H2", "location": "request_lock.py:_await_cancelled", "message": "await_pulse_end", "data": {"task_done": true}, "timestamp": 1787306841107}
{"sessionId": "1c5371", "hypothesisId": "H2", "location": "request_lock.py:_await_cancelled", "message": "await_pulse_start", "data": {"task_done": true, "task_cancelled": true}, "timestamp": 1787306841107}
{"sessionId": "1c5371", "hypothesisId": "H2", "location": "request_lock.py:_await_cancelled", "message": "await_pulse_end", "data": {"task_done": true}, "timestamp": 1787306841107}
{"sessionId": "1c5371", "hypothesisId": "H1", "location": "controlled_client.py:_wait_graph_rpc", "message": "rpc_done", "data": {"cancelled": false, "exc": null, "cancel_set": false}, "timestamp": 1787306847057}
{"sessionId": "1c5371", "hypothesisId": "H2", "location": "request_lock.py:_await_cancelled", "message": "await_pulse_start", "data": {"task_done": false, "task_cancelled": false}, "timestamp": 1787306847058}
{"sessionId": "1c5371", "hypothesisId": "H2", "location": "request_lock.py:_await_cancelled", "message": "await_pulse_end", "data": {"task_done": true}, "timestamp": 1787306847058}
{"sessionId": "1c5371", "hypothesisId": "H2", "location": "request_lock.py:_await_cancelled", "message": "await_pulse_start", "data": {"task_done": true, "task_cancelled": true}, "timestamp": 1787306847059}
{"sessionId": "1c5371", "hypothesisId": "H2", "location": "request_lock.py:_await_cancelled", "message": "await_pulse_end", "data": {"task_done": true}, "timestamp": 1787306847059}
{"sessionId": "1c5371", "hypothesisId": "H2", "location": "request_lock.py:_await_cancelled", "message": "await_pulse_start", "data": {"task_done": true, "task_cancelled": true}, "timestamp": 1787306847059}
{"sessionId": "1c5371", "hypothesisId": "H2", "location": "request_lock.py:_await_cancelled", "message": "await_pulse_end", "data": {"task_done": true}, "timestamp": 1787306847060}
{"sessionId": "1c5371", "hypothesisId": "H2", "location": "request_lock.py:_await_cancelled", "message": "await_pulse_start", "data": {"task_done": true, "task_cancelled": true}, "timestamp": 1787306847060}
{"sessionId": "1c5371", "hypothesisId": "H2", "location": "request_lock.py:_await_cancelled", "message": "await_pulse_end", "data": {"task_done": true}, "timestamp": 1787306847060}
{"sessionId": "1c5371", "hypothesisId": "H1", "location": "controlled_client.py:_wait_graph_rpc", "message": "rpc_done", "data": {"cancelled": false, "exc": null, "cancel_set": false}, "timestamp": 1787306853444}
{"sessionId": "1c5371", "hypothesisId": "H2", "location": "request_lock.py:_await_cancelled", "message": "await_pulse_start", "data": {"task_done": false, "task_cancelled": false}, "timestamp": 1787306853444}
{"sessionId": "1c5371", "hypothesisId": "H2", "location": "request_lock.py:_await_cancelled", "message": "await_pulse_end", "data": {"task_done": true}, "timestamp": 1787306853445}
{"sessionId": "1c5371", "hypothesisId": "H2", "location": "request_lock.py:_await_cancelled", "message": "await_pulse_start", "data": {"task_done": true, "task_cancelled": true}, "timestamp": 1787306853445}
{"sessionId": "1c5371", "hypothesisId": "H2", "location": "request_lock.py:_await_cancelled", "message": "await_pulse_end", "data": {"task_done": true}, "timestamp": 1787306853445}
{"sessionId": "1c5371", "hypothesisId": "H2", "location": "request_lock.py:_await_cancelled", "message": "await_pulse_start", "data": {"task_done": true, "task_cancelled": true}, "timestamp": 1787306853447}
{"sessionId": "1c5371", "hypothesisId": "H2", "location": "request_lock.py:_await_cancelled", "message": "await_pulse_end", "data": {"task_done": true}, "timestamp": 1787306853449}
{"sessionId": "1c5371", "hypothesisId": "H2", "location": "request_lock.py:_await_cancelled", "message": "await_pulse_start", "data": {"task_done": true, "task_cancelled": true}, "timestamp": 1787306853449}
{"sessionId": "1c5371", "hypothesisId": "H2", "location": "request_lock.py:_await_cancelled", "message": "await_pulse_end", "data": {"task_done": true}, "timestamp": 1787306853450}
{"sessionId": "1c5371", "hypothesisId": "H1", "location": "controlled_client.py:_wait_graph_rpc", "message": "rpc_done", "data": {"cancelled": false, "exc": null, "cancel_set": false}, "timestamp": 1787306859121}
{"sessionId": "1c5371", "hypothesisId": "H2", "location": "request_lock.py:_await_cancelled", "message": "await_pulse_start", "data": {"task_done": false, "task_cancelled": false}, "timestamp": 1787306859122}
{"sessionId": "1c5371", "hypothesisId": "H2", "location": "request_lock.py:_await_cancelled", "message": "await_pulse_end", "data": {"task_done": true}, "timestamp": 1787306859123}
{"sessionId": "1c5371", "hypothesisId": "H2", "location": "request_lock.py:_await_cancelled", "message": "await_pulse_start", "data": {"task_done": true, "task_cancelled": true}, "timestamp": 1787306859123}
{"sessionId": "1c5371", "hypothesisId": "H2", "location": "request_lock.py:_await_cancelled", "message": "await_pulse_end", "data": {"task_done": true}, "timestamp": 1787306859124}
{"sessionId": "1c5371", "hypothesisId": "H2", "location": "request_lock.py:_await_cancelled", "message": "await_pulse_start", "data": {"task_done": true, "task_cancelled": true}, "timestamp": 1787306859124}
{"sessionId": "1c5371", "hypothesisId": "H2", "location": "request_lock.py:_await_cancelled", "message": "await_pulse_end", "data": {"task_done": true}, "timestamp": 1787306859124}
{"sessionId": "1c5371", "hypothesisId": "H2", "location": "request_lock.py:_await_cancelled", "message": "await_pulse_start", "data": {"task_done": true, "task_cancelled": true}, "timestamp": 1787306859125}
{"sessionId": "1c5371", "hypothesisId": "H2", "location": "request_lock.py:_await_cancelled", "message": "await_pulse_end", "data": {"task_done": true}, "timestamp": 1787306859125}
{"sessionId": "1c5371", "hypothesisId": "H1", "location": "controlled_client.py:_wait_graph_rpc", "message": "rpc_done", "data": {"cancelled": false, "exc": null, "cancel_set": false}, "timestamp": 1787306865063}
{"sessionId": "1c5371", "hypothesisId": "H2", "location": "request_lock.py:_await_cancelled", "message": "await_pulse_start", "data": {"task_done": false, "task_cancelled": false}, "timestamp": 1787306865064}
{"sessionId": "1c5371", "hypothesisId": "H2", "location": "request_lock.py:_await_cancelled", "message": "await_pulse_end", "data": {"task_done": true}, "timestamp": 1787306865064}
{"sessionId": "1c5371", "hypothesisId": "H2", "location": "request_lock.py:_await_cancelled", "message": "await_pulse_start", "data": {"task_done": true, "task_cancelled": true}, "timestamp": 1787306865065}
{"sessionId": "1c5371", "hypothesisId": "H2", "location": "request_lock.py:_await_cancelled", "message": "await_pulse_end", "data": {"task_done": true}, "timestamp": 1787306865065}
{"sessionId": "1c5371", "hypothesisId": "H2", "location": "request_lock.py:_await_cancelled", "message": "await_pulse_start", "data": {"task_done": true, "task_cancelled": true}, "timestamp": 1787306865065}
{"sessionId": "1c5371", "hypothesisId": "H2", "location": "request_lock.py:_await_cancelled", "message": "await_pulse_end", "data": {"task_done": true}, "timestamp": 1787306865066}
{"sessionId": "1c5371", "hypothesisId": "H2", "location": "request_lock.py:_await_cancelled", "message": "await_pulse_start", "data": {"task_done": true, "task_cancelled": true}, "timestamp": 1787306865066}
{"sessionId": "1c5371", "hypothesisId": "H2", "location": "request_lock.py:_await_cancelled", "message": "await_pulse_end", "data": {"task_done": true}, "timestamp": 1787306865066}
{"sessionId": "1c5371", "hypothesisId": "H1", "location": "controlled_client.py:_wait_graph_rpc", "message": "rpc_done", "data": {"cancelled": false, "exc": null, "cancel_set": false}, "timestamp": 1787306871556}
{"sessionId": "1c5371", "hypothesisId": "H2", "location": "request_lock.py:_await_cancelled", "message": "await_pulse_start", "data": {"task_done": false, "task_cancelled": false}, "timestamp": 1787306871557}
{"sessionId": "1c5371", "hypothesisId": "H2", "location": "request_lock.py:_await_cancelled", "message": "await_pulse_end", "data": {"task_done": true}, "timestamp": 1787306871558}
{"sessionId": "1c5371", "hypothesisId": "H2", "location": "request_lock.py:_await_cancelled", "message": "await_pulse_start", "data": {"task_done": true, "task_cancelled": true}, "timestamp": 1787306871559}
{"sessionId": "1c5371", "hypothesisId": "H2", "location": "request_lock.py:_await_cancelled", "message": "await_pulse_end", "data": {"task_done": true}, "timestamp": 1787306871559}
{"sessionId": "1c5371", "hypothesisId": "H2", "location": "request_lock.py:_await_cancelled", "message": "await_pulse_start", "data": {"task_done": true, "task_cancelled": true}, "timestamp": 1787306871559}
{"sessionId": "1c5371", "hypothesisId": "H2", "location": "request_lock.py:_await_cancelled", "message": "await_pulse_end", "data": {"task_done": true}, "timestamp": 1787306871561}
{"sessionId": "1c5371", "hypothesisId": "H2", "location": "request_lock.py:_await_cancelled", "message": "await_pulse_start", "data": {"task_done": true, "task_cancelled": true}, "timestamp": 1787306871562}
{"sessionId": "1c5371", "hypothesisId": "H2", "location": "request_lock.py:_await_cancelled", "message": "await_pulse_end", "data": {"task_done": true}, "timestamp": 1787306871563}
{"sessionId": "1c5371", "hypothesisId": "H1", "location": "controlled_client.py:_wait_graph_rpc", "message": "rpc_done", "data": {"cancelled": false, "exc": null, "cancel_set": false}, "timestamp": 1787306877130}
{"sessionId": "1c5371", "hypothesisId": "H2", "location": "request_lock.py:_await_cancelled", "message": "await_pulse_start", "data": {"task_done": false, "task_cancelled": false}, "timestamp": 1787306877131}
{"sessionId": "1c5371", "hypothesisId": "H2", "location": "request_lock.py:_await_cancelled", "message": "await_pulse_end", "data": {"task_done": true}, "timestamp": 1787306877131}
{"sessionId": "1c5371", "hypothesisId": "H2", "location": "request_lock.py:_await_cancelled", "message": "await_pulse_start", "data": {"task_done": true, "task_cancelled": true}, "timestamp": 1787306877131}
{"sessionId": "1c5371", "hypothesisId": "H2", "location": "request_lock.py:_await_cancelled", "message": "await_pulse_end", "data": {"task_done": true}, "timestamp": 1787306877131}
{"sessionId": "1c5371", "hypothesisId": "H2", "location": "request_lock.py:_await_cancelled", "message": "await_pulse_start", "data": {"task_done": true, "task_cancelled": true}, "timestamp": 1787306877132}
{"sessionId": "1c5371", "hypothesisId": "H2", "location": "request_lock.py:_await_cancelled", "message": "await_pulse_end", "data": {"task_done": true}, "timestamp": 1787306877132}
{"sessionId": "1c5371", "hypothesisId": "H2", "location": "request_lock.py:_await_cancelled", "message": "await_pulse_start", "data": {"task_done": true, "task_cancelled": true}, "timestamp": 1787306877133}
{"sessionId": "1c5371", "hypothesisId": "H2", "location": "request_lock.py:_await_cancelled", "message": "await_pulse_end", "data": {"task_done": true}, "timestamp": 1787306877133}
{"sessionId": "1c5371", "hypothesisId": "H1", "location": "controlled_client.py:_wait_graph_rpc", "message": "rpc_done", "data": {"cancelled": false, "exc": null, "cancel_set": false}, "timestamp": 1787306883099}
{"sessionId": "1c5371", "hypothesisId": "H2", "location": "request_lock.py:_await_cancelled", "message": "await_pulse_start", "data": {"task_done": false, "task_cancelled": false}, "timestamp": 1787306883100}
{"sessionId": "1c5371", "hypothesisId": "H2", "location": "request_lock.py:_await_cancelled", "message": "await_pulse_end", "data": {"task_done": true}, "timestamp": 1787306883101}
{"sessionId": "1c5371", "hypothesisId": "H2", "location": "request_lock.py:_await_cancelled", "message": "await_pulse_start", "data": {"task_done": true, "task_cancelled": true}, "timestamp": 1787306883102}
{"sessionId": "1c5371", "hypothesisId": "H2", "location": "request_lock.py:_await_cancelled", "message": "await_pulse_end", "data": {"task_done": true}, "timestamp": 1787306883102}
{"sessionId": "1c5371", "hypothesisId": "H2", "location": "request_lock.py:_await_cancelled", "message": "await_pulse_start", "data": {"task_done": true, "task_cancelled": true}, "timestamp": 1787306883103}
{"sessionId": "1c5371", "hypothesisId": "H2", "location": "request_lock.py:_await_cancelled", "message": "await_pulse_end", "data": {"task_done": true}, "timestamp": 1787306883103}
{"sessionId": "1c5371", "hypothesisId": "H2", "location": "request_lock.py:_await_cancelled", "message": "await_pulse_start", "data": {"task_done": true, "task_cancelled": true}, "timestamp": 1787306883114}
{"sessionId": "1c5371", "hypothesisId": "H2", "location": "request_lock.py:_await_cancelled", "message": "await_pulse_end", "data": {"task_done": true}, "timestamp": 1787306883115}
{"sessionId": "1c5371", "hypothesisId": "H1", "location": "controlled_client.py:_wait_graph_rpc", "message": "rpc_done", "data": {"cancelled": false, "exc": null, "cancel_set": false}, "timestamp": 1787306889644}
{"sessionId": "1c5371", "hypothesisId": "H2", "location": "request_lock.py:_await_cancelled", "message": "await_pulse_start", "data": {"task_done": false, "task_cancelled": false}, "timestamp": 1787306889644}
{"sessionId": "1c5371", "hypothesisId": "H2", "location": "request_lock.py:_await_cancelled", "message": "await_pulse_end", "data": {"task_done": true}, "timestamp": 1787306889645}
{"sessionId": "1c5371", "hypothesisId": "H2", "location": "request_lock.py:_await_cancelled", "message": "await_pulse_start", "data": {"task_done": true, "task_cancelled": true}, "timestamp": 1787306889645}
{"sessionId": "1c5371", "hypothesisId": "H2", "location": "request_lock.py:_await_cancelled", "message": "await_pulse_end", "data": {"task_done": true}, "timestamp": 1787306889646}
{"sessionId": "1c5371", "hypothesisId": "H2", "location": "request_lock.py:_await_cancelled", "message": "await_pulse_start", "data": {"task_done": true, "task_cancelled": true}, "timestamp": 1787306889646}
{"sessionId": "1c5371", "hypothesisId": "H2", "location": "request_lock.py:_await_cancelled", "message": "await_pulse_end", "data": {"task_done": true}, "timestamp": 1787306889646}
{"sessionId": "1c5371", "hypothesisId": "H2", "location": "request_lock.py:_await_cancelled", "message": "await_pulse_start", "data": {"task_done": true, "task_cancelled": true}, "timestamp": 1787306889647}
{"sessionId": "1c5371", "hypothesisId": "H2", "location": "request_lock.py:_await_cancelled", "message": "await_pulse_end", "data": {"task_done": true}, "timestamp": 1787306889647}
